ltable_id,rtable_id,label,left_id,left_Beer_Name,left_Brew_Factory_Name,left_Style,left_ABV,right_id,right_Beer_Name,right_Brew_Factory_Name,right_Style,right_ABV,id
2082,1496,0,2082,C N Red Imperial Red Ale,Redwood Lodge,American Amber / Red Ale,8.10 %,1496,Kinetic Infrared Imperial Red Ale,Kinetic Brewing Company,American Strong Ale,9.30 %,1
2433,1496,0,2433,Mountain Series : Love Rhino ( Imperial Red Ale ),Breckenridge Brewery,American Amber / Red Ale,8.90 %,1496,Kinetic Infrared Imperial Red Ale,Kinetic Brewing Company,American Strong Ale,9.30 %,2
1587,1496,0,1587,Arthur 's Imperial Red Ale,Otto 's Pub and Brewery,American Amber / Red Ale,6.90 %,1496,Kinetic Infrared Imperial Red Ale,Kinetic Brewing Company,American Strong Ale,9.30 %,3
1458,1496,0,1458,Deranger Imperial Red Ale,Laurelwood Public House & Brewery,American Amber / Red Ale,8.60 %,1496,Kinetic Infrared Imperial Red Ale,Kinetic Brewing Company,American Strong Ale,9.30 %,4
3402,1496,0,3402,Red Shedman 's Imperial Amber Ale,57 Brew Pub & Bistro,American Amber / Red Ale,7.60 %,1496,Kinetic Infrared Imperial Red Ale,Kinetic Brewing Company,American Strong Ale,9.30 %,5
2082,1638,0,2082,C N Red Imperial Red Ale,Redwood Lodge,American Amber / Red Ale,8.10 %,1638,Ballast Point Tongue Buckler Imperial Red Ale,Ballast Point Brewing Company,American Strong Ale,10 %,6
138,1638,0,138,Double Dread Imperial Red Ale,Mad River Brewing Company,American Amber / Red Ale,8.60 %,1638,Ballast Point Tongue Buckler Imperial Red Ale,Ballast Point Brewing Company,American Strong Ale,10 %,7
491,1638,0,491,West Sixth / Country Boy Country Western ( Volume 3 Imperial Red Ale ),West Sixth Brewing Company,American Amber / Red Ale,13.00 %,1638,Ballast Point Tongue Buckler Imperial Red Ale,Ballast Point Brewing Company,American Strong Ale,10 %,8
2082,1103,0,2082,C N Red Imperial Red Ale,Redwood Lodge,American Amber / Red Ale,8.10 %,1103,Tumbledown Imp Imperial Red Ale,Tumbledown Brewing LLC,American Strong Ale,7.80 %,9
2433,1103,0,2433,Mountain Series : Love Rhino ( Imperial Red Ale ),Breckenridge Brewery,American Amber / Red Ale,8.90 %,1103,Tumbledown Imp Imperial Red Ale,Tumbledown Brewing LLC,American Strong Ale,7.80 %,10
3325,1103,0,3325,Roundabout Imperial Red Ale,Bonfire Brewing Co. .,American Amber / Red Ale,8.80 %,1103,Tumbledown Imp Imperial Red Ale,Tumbledown Brewing LLC,American Strong Ale,7.80 %,11
2047,1103,0,2047,Merry Prankster Imperial Red Ale,Rock Bottom Restaurant & Brewery,American Amber / Red Ale,4.56 %,1103,Tumbledown Imp Imperial Red Ale,Tumbledown Brewing LLC,American Strong Ale,7.80 %,12
178,1103,0,178,6th Anniversary Ale ( Dirty Hippie Imperial Red Ale ),Kern River Brewing Company,American Amber / Red Ale,8.00 %,1103,Tumbledown Imp Imperial Red Ale,Tumbledown Brewing LLC,American Strong Ale,7.80 %,13
2934,1103,0,2934,Ale Mania Imperial Red Ale,Ale-Mania,American Amber / Red Ale,9.50 %,1103,Tumbledown Imp Imperial Red Ale,Tumbledown Brewing LLC,American Strong Ale,7.80 %,14
2433,2722,0,2433,Mountain Series : Love Rhino ( Imperial Red Ale ),Breckenridge Brewery,American Amber / Red Ale,8.90 %,2722,Madhouse Venture Series Oak Aged Imperial Red,Madhouse Brewing Company,American Strong Ale,8.50 %,15
2433,1534,0,2433,Mountain Series : Love Rhino ( Imperial Red Ale ),Breckenridge Brewery,American Amber / Red Ale,8.90 %,1534,Two Brothers Revelry Imperial Red Ale,Two Brothers Brewing Company,American Strong Ale,9.50 %,16
1587,1534,0,1587,Arthur 's Imperial Red Ale,Otto 's Pub and Brewery,American Amber / Red Ale,6.90 %,1534,Two Brothers Revelry Imperial Red Ale,Two Brothers Brewing Company,American Strong Ale,9.50 %,17
178,1534,0,178,6th Anniversary Ale ( Dirty Hippie Imperial Red Ale ),Kern River Brewing Company,American Amber / Red Ale,8.00 %,1534,Two Brothers Revelry Imperial Red Ale,Two Brothers Brewing Company,American Strong Ale,9.50 %,18
44,1534,0,44,Red-oric - Beer Camp # 65 ( Best Of Beer Camp : Imperial Red Ale ),Sierra Nevada Brewing Co. .,American Amber / Red Ale,8.00 %,1534,Two Brothers Revelry Imperial Red Ale,Two Brothers Brewing Company,American Strong Ale,9.50 %,19
2433,349,0,2433,Mountain Series : Love Rhino ( Imperial Red Ale ),Breckenridge Brewery,American Amber / Red Ale,8.90 %,349,Cigar City Cold Brew Series - Red Ale,Cigar City Brewing,Amber Ale,7.20 %,20
1587,1911,0,1587,Arthur 's Imperial Red Ale,Otto 's Pub and Brewery,American Amber / Red Ale,6.90 %,1911,Proof Abandoned Planet Imperial Red Ale,Proof Brewing Company,Amber Ale,7.50 %,21
2934,1911,0,2934,Ale Mania Imperial Red Ale,Ale-Mania,American Amber / Red Ale,9.50 %,1911,Proof Abandoned Planet Imperial Red Ale,Proof Brewing Company,Amber Ale,7.50 %,22
2026,1911,0,2026,Red Hopper ( Imperial Red Ale ),Black Acre Brewing Co. .,American Amber / Red Ale,6.20 %,1911,Proof Abandoned Planet Imperial Red Ale,Proof Brewing Company,Amber Ale,7.50 %,23
1458,1551,0,1458,Deranger Imperial Red Ale,Laurelwood Public House & Brewery,American Amber / Red Ale,8.60 %,1551,Ale Mania Imperial Red Ale,Ale Mania &#40; Fritz Ale &#41;,American Strong Ale,9.50 %,24
3963,1551,0,3963,Hop Around Imperial Red Ale,Big Bay Brewing Co. .,American Amber / Red Ale,9.00 %,1551,Ale Mania Imperial Red Ale,Ale Mania &#40; Fritz Ale &#41;,American Strong Ale,9.50 %,25
1755,1551,0,1755,Batch 200 _ `` Olympus Mons Imperial Red Ale,Due South Brewing Co. .,American Amber / Red Ale,9.20 %,1551,Ale Mania Imperial Red Ale,Ale Mania &#40; Fritz Ale &#41;,American Strong Ale,9.50 %,26
1458,1679,0,1458,Deranger Imperial Red Ale,Laurelwood Public House & Brewery,American Amber / Red Ale,8.60 %,1679,Brannon_s Deputation Imperial Red Ale,Brannon_s Pub and Brewery,American Strong Ale,8.79 %,27
138,1635,0,138,Double Dread Imperial Red Ale,Mad River Brewing Company,American Amber / Red Ale,8.60 %,1635,Scuttlebutt Mateo Loco Imperial Red Ale,Scuttlebutt Brewing Co. .,American Strong Ale,7.10 %,28
487,1635,0,487,Three Beavers Imperial Red Ale,Howe Sound Inn & Brewing Company,American Amber / Red Ale,7.50 %,1635,Scuttlebutt Mateo Loco Imperial Red Ale,Scuttlebutt Brewing Co. .,American Strong Ale,7.10 %,29
491,1120,0,491,West Sixth / Country Boy Country Western ( Volume 3 Imperial Red Ale ),West Sixth Brewing Company,American Amber / Red Ale,13.00 %,1120,Figueroa Mountain / Pizza Port Shark Lips Imperial Red Ale,Figueroa Mountain Brewing,American Strong Ale,8 %,30
3325,1973,0,3325,Roundabout Imperial Red Ale,Bonfire Brewing Co. .,American Amber / Red Ale,8.80 %,1973,AleSmith YuleSmith &#40; Winter &#41; Imperial Red Ale,AleSmith Brewing Company,American Strong Ale,8.50 %,31
1794,1973,0,1794,Stupiphany Imperial Red Ale,Rusty Truck Brewing Company / Roadhouse 101,American Amber / Red Ale,8.00 %,1973,AleSmith YuleSmith &#40; Winter &#41; Imperial Red Ale,AleSmith Brewing Company,American Strong Ale,8.50 %,32
3325,63,0,3325,Roundabout Imperial Red Ale,Bonfire Brewing Co. .,American Amber / Red Ale,8.80 %,63,Marble Imperial Red Ale,Marble Brewery,American Strong Ale,9 %,33
2047,63,0,2047,Merry Prankster Imperial Red Ale,Rock Bottom Restaurant & Brewery,American Amber / Red Ale,4.56 %,63,Marble Imperial Red Ale,Marble Brewery,American Strong Ale,9 %,34
3325,1119,0,3325,Roundabout Imperial Red Ale,Bonfire Brewing Co. .,American Amber / Red Ale,8.80 %,1119,Peter Bs Sum Of Hours Imperial Red Ale,Peter Bs Brewpub,American Strong Ale,9.50 %,35
44,1119,0,44,Red-oric - Beer Camp # 65 ( Best Of Beer Camp : Imperial Red Ale ),Sierra Nevada Brewing Co. .,American Amber / Red Ale,8.00 %,1119,Peter Bs Sum Of Hours Imperial Red Ale,Peter Bs Brewpub,American Strong Ale,9.50 %,36
3478,1119,0,3478,Double Mongrel Imperial India Red Ale,Aspetuck Brew Lab,American Amber / Red Ale,9.00 %,1119,Peter Bs Sum Of Hours Imperial Red Ale,Peter Bs Brewpub,American Strong Ale,9.50 %,37
178,838,0,178,6th Anniversary Ale ( Dirty Hippie Imperial Red Ale ),Kern River Brewing Company,American Amber / Red Ale,8.00 %,838,Brew Bus Detour Series : Rollin Dirty Red Ale - Wood Aged,Cigar City Brewing,Irish Ale,5 %,38
2811,838,0,2811,Mermaid 's Red Ale - Bourbon Oak Aged,Coronado Brewing Company,American Amber / Red Ale,-,838,Brew Bus Detour Series : Rollin Dirty Red Ale - Wood Aged,Cigar City Brewing,Irish Ale,5 %,39
982,2999,1,982,Sanibel Red Island Ale,Point Ybel Brewing Company,American Amber / Red Ale,5.60 %,2999,Point Ybel Sanibel Red Island Ale,Point Ybel Brewing Company,Irish Ale,5.60 %,40
3715,2562,0,3715,Kniksen India Red Ale,7 Fjell Bryggeri,American Amber / Red Ale,6.80 %,2562,Boneyard Skunkape India Red Ale,Boneyard Beer Company,India Pale Ale &#40; IPA &#41;,6.50 %,41
3715,216,0,3715,Kniksen India Red Ale,7 Fjell Bryggeri,American Amber / Red Ale,6.80 %,216,Good People Stepchild Belgian India Red Ale,Good People Brewing Company,India Pale Ale &#40; IPA &#41;,7.80 %,42
2979,216,0,2979,Street Cred India Rye Red Ale,Roaring Fork Beer Company,American Amber / Red Ale,7.20 %,216,Good People Stepchild Belgian India Red Ale,Good People Brewing Company,India Pale Ale &#40; IPA &#41;,7.80 %,43
3246,284,0,3246,Buffalo Trace Bourbon Barrel Aged Amber Ale,Wolf Hills Brewing Company,American Amber / Red Ale,-,284,Ballast Point Calico Amber Ale - Rum Barrel Aged,Ballast Point Brewing Company,Amber Ale,5 %,44
1524,284,0,1524,Barrel Aged Red Ale,BearWaters Brewing Co. .,American Amber / Red Ale,6.70 %,284,Ballast Point Calico Amber Ale - Rum Barrel Aged,Ballast Point Brewing Company,Amber Ale,5 %,45
3246,1682,0,3246,Buffalo Trace Bourbon Barrel Aged Amber Ale,Wolf Hills Brewing Company,American Amber / Red Ale,-,1682,Barley_s Barrel Aged Ulysses Imperial Red Ale,Barley_s Brewing Company,American Strong Ale,8.60 %,46
1524,1682,0,1524,Barrel Aged Red Ale,BearWaters Brewing Co. .,American Amber / Red Ale,6.70 %,1682,Barley_s Barrel Aged Ulysses Imperial Red Ale,Barley_s Brewing Company,American Strong Ale,8.60 %,47
3246,2019,0,3246,Buffalo Trace Bourbon Barrel Aged Amber Ale,Wolf Hills Brewing Company,American Amber / Red Ale,-,2019,Barrel Trolley Amber Ale,Genesee Brewing Company &#40; North American Breweries &#41;,Amber Ale,-,48
1931,810,1,1931,Poor Richard 's Ale,Dry Dock Brewing Co. .,American Amber / Red Ale,6.50 %,810,21st Amendment Poor Richards Ale,21st Amendment Brewery,Traditional Ale,7 %,49
704,411,0,704,Redeemer Imperial Red Ale,Boston Beer Works - Canal Street,American Amber / Red Ale,8.20 %,411,Laurelwood Organic Deranger Imperial Red Ale,Laurelwood Public House & Brewery,American Strong Ale,8.60 %,50
2526,411,0,2526,Barrel Aged Imperial Red Ale,Boone Valley Brewing,American Amber / Red Ale,9.99 %,411,Laurelwood Organic Deranger Imperial Red Ale,Laurelwood Public House & Brewery,American Strong Ale,8.60 %,51
1880,872,0,1880,Big Axe Red Ale,Big Axe Brewing Company,American Amber / Red Ale,6.80 %,872,Big Spruce Ready Yer Knot ... Regatta Red Ale,Big Spruce Brewing,Amber Ale,-,52
1794,881,0,1794,Stupiphany Imperial Red Ale,Rusty Truck Brewing Company / Roadhouse 101,American Amber / Red Ale,8.00 %,881,Sick N Twisted Naughty Redhead Imperial Red Ale,Sick N Twisted Brewing Company,Amber Ale,8 %,53
44,1889,0,44,Red-oric - Beer Camp # 65 ( Best Of Beer Camp : Imperial Red Ale ),Sierra Nevada Brewing Co. .,American Amber / Red Ale,8.00 %,1889,Rock Bottom Orland Park King of Hearts Imperial Red Ale,Rock Bottom Orland Park,American Strong Ale,7.60 %,54
2156,1889,0,2156,Red Dirt Imperial Red Ale,Wiley Roots Brewing Co,American Amber / Red Ale,8.20 %,1889,Rock Bottom Orland Park King of Hearts Imperial Red Ale,Rock Bottom Orland Park,American Strong Ale,7.60 %,55
1178,1889,0,1178,Brewmaster 's Reserve Imperial Red Ale,BJ 's Chicago Pizza & Brewery Inc. .,American Amber / Red Ale,9.20 %,1889,Rock Bottom Orland Park King of Hearts Imperial Red Ale,Rock Bottom Orland Park,American Strong Ale,7.60 %,56
3478,1934,0,3478,Double Mongrel Imperial India Red Ale,Aspetuck Brew Lab,American Amber / Red Ale,9.00 %,1934,Spring House Atomic Raygun Imperial Red Ale,Spring House Brewing Company,American Strong Ale,8.30 %,57
3478,1096,0,3478,Double Mongrel Imperial India Red Ale,Aspetuck Brew Lab,American Amber / Red Ale,9.00 %,1096,Boxing Cat Firecracker Imperial Red Ale,Boxing Cat Brewery,Amber Ale,6.60 %,58
2718,2787,0,2718,Extra Special Red Ale,Alpha Brewing Company,American Amber / Red Ale,5.00 %,2787,Ecliptic Phobos Extra Red Ale,Ecliptic Brewing,Amber Ale,5.20 %,59
141,2672,0,141,Aorta Ale ( Double Red Ale ),Short 's Brewing Company,American Amber / Red Ale,8.30 %,2672,Destihl Barrel Aged Deadhead Double Red Ale,Destihl Brewery,American Strong Ale,-,60
3661,2672,0,3661,Double Red Hot Ale,Midnight Sun Brewing Co. .,American Amber / Red Ale,7.57 %,2672,Destihl Barrel Aged Deadhead Double Red Ale,Destihl Brewery,American Strong Ale,-,61
141,2991,0,141,Aorta Ale ( Double Red Ale ),Short 's Brewing Company,American Amber / Red Ale,8.30 %,2991,Wildcard Double Down Imperial Red Ale,Wildcard Brewing Company,American Strong Ale,7.50 %,62
1185,2991,0,1185,Dread Double Red Ale,Bullfrog Brewery,American Amber / Red Ale,7.80 %,2991,Wildcard Double Down Imperial Red Ale,Wildcard Brewing Company,American Strong Ale,7.50 %,63
4138,823,0,4138,Three Sheets Barleywine ( Barrel Aged ),Ballast Point Brewing Company,American Barleywine,9.00 %,823,&#40; 512 &#41; Cabernet Barrel Aged Three,&#40; 512 &#41; Brewing Company,Abbey Tripel,9.50 %,64
190,805,1,190,Peak Organic The Maple Collaboration,Peak Organic Brewing Company,American Amber / Red Ale,7.00 %,805,Peak Organic The Maple Collaboration,Shipyard Brewing Company,Amber Ale,6.70 %,65
4162,2313,0,4162,John Barleycorn - Bourbon Barrel Aged,Mad River Brewing Company,American Barleywine,12.50 %,2313,AleSmith Old Numbskull - Bourbon Barrel Aged,AleSmith Brewing Company,Barley Wine,11 %,66
1649,2313,0,1649,Bourbon Barrel Aged Panama Red Ale,Flossmoor Station Restaurant & Brewery,American Amber / Red Ale,7.00 %,2313,AleSmith Old Numbskull - Bourbon Barrel Aged,AleSmith Brewing Company,Barley Wine,11 %,67
1850,742,1,1850,Royal Amber Ale,Hops Grillhouse & Brewery,American Amber / Red Ale,4.50 %,742,Kalamazoo Royal Amber Ale,Bells Brewery,Amber Ale,-,68
2909,1529,1,2909,The Gentle Mongoose,Holy City Brewing,American Amber / Red Ale,6.90 %,1529,Holy City The Gentle Mongoose,Holy City Brewing,Amber Ale,6.90 %,69
3963,1026,0,3963,Hop Around Imperial Red Ale,Big Bay Brewing Co. .,American Amber / Red Ale,9.00 %,1026,ShuBrew Heart and Sole Imperial Red Ale,ShuBrew,American Strong Ale,6.80 %,70
29,1026,0,29,Tongue Buckler - Imperial Red Ale,Ballast Point Brewing Company,American Amber / Red Ale,10.00 %,1026,ShuBrew Heart and Sole Imperial Red Ale,ShuBrew,American Strong Ale,6.80 %,71
3963,2334,0,3963,Hop Around Imperial Red Ale,Big Bay Brewing Co. .,American Amber / Red Ale,9.00 %,2334,Austin Beerworks Battle Axe Imperial Red Ale,Austin Beerworks,American Strong Ale,8 %,72
3963,1863,0,3963,Hop Around Imperial Red Ale,Big Bay Brewing Co. .,American Amber / Red Ale,9.00 %,1863,Speakeasy Wet Hop Prohibition Red Ale,Speakeasy Ales and Lagers,Amber Ale,6.10 %,73
3963,124,0,3963,Hop Around Imperial Red Ale,Big Bay Brewing Co. .,American Amber / Red Ale,9.00 %,124,Laguna Beach Grateful Red Imperial Red Ale,Laguna Beach Brewing,American Strong Ale,11 %,74
2156,124,0,2156,Red Dirt Imperial Red Ale,Wiley Roots Brewing Co,American Amber / Red Ale,8.20 %,124,Laguna Beach Grateful Red Imperial Red Ale,Laguna Beach Brewing,American Strong Ale,11 %,75
1755,2883,0,1755,Batch 200 _ `` Olympus Mons Imperial Red Ale,Due South Brewing Co. .,American Amber / Red Ale,9.20 %,2883,Three Heads Buffalo Soul Jah Imperial Red Ale,Custom Brewcrafters,American Strong Ale,9.20 %,76
2972,2883,0,2972,Imperial Moustache Red Ale,Salty Nut Brewery,American Amber / Red Ale,6.00 %,2883,Three Heads Buffalo Soul Jah Imperial Red Ale,Custom Brewcrafters,American Strong Ale,9.20 %,77
2480,558,0,2480,3 Sisters American Red Ale,Wild Ride Brewing Co. .,American Amber / Red Ale,6.00 %,558,Saimaan Brewer_s Special American Red Ale,Saimaan Juomatehdas,Amber Ale,4.70 %,78
1207,558,0,1207,All American Red Ale,Centennial Beer Co. .,American Amber / Red Ale,5.00 %,558,Saimaan Brewer_s Special American Red Ale,Saimaan Juomatehdas,Amber Ale,4.70 %,79
2480,2621,0,2480,3 Sisters American Red Ale,Wild Ride Brewing Co. .,American Amber / Red Ale,6.00 %,2621,Black Shirt American India Red Ale,Black Shirt Brewing Company,American Strong Ale,7.09 %,80
2480,1604,0,2480,3 Sisters American Red Ale,Wild Ride Brewing Co. .,American Amber / Red Ale,6.00 %,1604,Stadin American Red Ale,Stadin Panimo,Amber Ale,4.50 %,81
1207,1604,0,1207,All American Red Ale,Centennial Beer Co. .,American Amber / Red Ale,5.00 %,1604,Stadin American Red Ale,Stadin Panimo,Amber Ale,4.50 %,82
2480,2602,0,2480,3 Sisters American Red Ale,Wild Ride Brewing Co. .,American Amber / Red Ale,6.00 %,2602,Radiant Pig Gangster Duck American Red Ale,Radiant Pig Beer Company,Amber Ale,6.20 %,83
2175,996,1,2175,Cow Catcher Red,Mountain Town Station Brewing Co. & Steakhouse,American Amber / Red Ale,-,996,Mountain Town Cow Catcher Red Ale,Mountain Town Brewing Company,Amber Ale,5.80 %,84
1466,972,0,1466,Texas Red Amber Ale,Big Texan Brewery,American Amber / Red Ale,4.50 %,972,William Street Red Sky Amber Ale,William Street Beer Co. .,Amber Ale,5 %,85
1857,1860,0,1857,Ruby River Ruby Red Ale,Ruby River Steakhouse & Brewery,American Amber / Red Ale,4.00 %,1860,Pokertree Red Earl Ruby Ale,Pokertree,Amber Ale,5.50 %,86
1857,545,0,1857,Ruby River Ruby Red Ale,Ruby River Steakhouse & Brewery,American Amber / Red Ale,4.00 %,545,Pine Creek River Valley Red Ale,Big Rock Brewery,Amber Ale,5 %,87
3388,99,0,3388,Stone Liberty Station Outbreak Series : Red Ale,Stone Brewing Co. .,American Amber / Red Ale,7.00 %,99,Liberty High Point Rocket_s Red Ale,Liberty Brewery & Grill - High Point,Irish Ale,-,88
354,22,0,354,Climax Noel - Imperial Red Ale,Eel River Brewing Co. .,American Amber / Red Ale,9.20 %,22,Fulton The Libertine Imperial Red Ale - Heaven Hill Rye Whiskey Barrel Aged,Fulton Beer Company,American Strong Ale,8.50 %,89
773,22,0,773,Barrel Aged Moustache Ride Red,Flat 12 Bierwerks,American Amber / Red Ale,6.10 %,22,Fulton The Libertine Imperial Red Ale - Heaven Hill Rye Whiskey Barrel Aged,Fulton Beer Company,American Strong Ale,8.50 %,90
833,22,0,833,Buffalo Soul Jah Imperial Red Ale,Three Heads Brewing,American Amber / Red Ale,9.20 %,22,Fulton The Libertine Imperial Red Ale - Heaven Hill Rye Whiskey Barrel Aged,Fulton Beer Company,American Strong Ale,8.50 %,91
4117,22,0,4117,Old Guardian Barley Wine Style Ale - Red Wine Barrel Aged,Stone Brewing Co. .,American Barleywine,11.20 %,22,Fulton The Libertine Imperial Red Ale - Heaven Hill Rye Whiskey Barrel Aged,Fulton Beer Company,American Strong Ale,8.50 %,92
696,22,0,696,BJ 's Imperial Red Ale,BJ 's Restaurant & Brewhouse,American Amber / Red Ale,9.00 %,22,Fulton The Libertine Imperial Red Ale - Heaven Hill Rye Whiskey Barrel Aged,Fulton Beer Company,American Strong Ale,8.50 %,93
833,641,0,833,Buffalo Soul Jah Imperial Red Ale,Three Heads Brewing,American Amber / Red Ale,9.20 %,641,Iron Horse Fresh Hop Imperial Red Ale,Iron Horse Brewery,American Strong Ale,-,94
3626,641,0,3626,Starlord 's Mixtape / Groot Drank Imperial Red Ale,Charging Hippo Brewing Co. .,American Amber / Red Ale,8.20 %,641,Iron Horse Fresh Hop Imperial Red Ale,Iron Horse Brewery,American Strong Ale,-,95
3134,641,0,3134,Phobos Single Hop Red Ale,Ecliptic Brewing,American Amber / Red Ale,7.40 %,641,Iron Horse Fresh Hop Imperial Red Ale,Iron Horse Brewery,American Strong Ale,-,96
3605,521,0,3605,Constanza _ ™ s Hoppy Red Ale,Bomber Brewing,American Amber / Red Ale,6.20 %,521,Spiteful Angry Adam Hoppy Red Ale,Spiteful Brewing,Amber Ale,6 %,97
2272,980,0,2272,Arsenal Imperial Red Ale,Great River Brewery,American Amber / Red Ale,9.00 %,980,Kern River Dirty Hippie Imperial Red Ale,Kern River Brewing,American Strong Ale,8 %,98
2319,980,0,2319,Tst Brw 01 - Imperial Red Ale,Brouwerij De Koninck NV,American Amber / Red Ale,7.80 %,980,Kern River Dirty Hippie Imperial Red Ale,Kern River Brewing,American Strong Ale,8 %,99
295,980,0,295,Ro Shampo Imperial Red Ale,Figure 8 Brewing,American Amber / Red Ale,7.50 %,980,Kern River Dirty Hippie Imperial Red Ale,Kern River Brewing,American Strong Ale,8 %,100
4200,469,0,4200,Bourbon Barrel Aged Auld Bitch,Tahoe Mountain Brewing Co. .,American Barleywine,11.00 %,469,Aspen Bourbon Barrel Aged Conundrum Red Ale,Aspen Brewing Company,Amber Ale,6.50 %,101
2365,469,0,2365,Bourbon Barrel Aged Redrum,Trinity Brewhouse,American Amber / Red Ale,9.50 %,469,Aspen Bourbon Barrel Aged Conundrum Red Ale,Aspen Brewing Company,Amber Ale,6.50 %,102
4200,1825,0,4200,Bourbon Barrel Aged Auld Bitch,Tahoe Mountain Brewing Co. .,American Barleywine,11.00 %,1825,Lompoc Bourbon Barrel Aged Proletariat Red Ale,Lompoc Brewing,Amber Ale,6.40 %,103
4101,2360,1,4101,Kuhnhenn Extraneous Ale,Kuhnhenn Brewing Company,American Barleywine,17.00 %,2360,Kuhnhenn Extraneous Ale,Kuhnhenn Brewing,Barley Wine,17.50 %,104
2602,1955,0,2602,Broadhead Bourbon Barrel Aged Red,Bainbridge Island Brewing Company,American Amber / Red Ale,8.50 %,1955,Flat 12 Barrel Aged Moustache Ride Red,Flat 12 Bierwerks,Amber Ale,-,105
2602,730,0,2602,Broadhead Bourbon Barrel Aged Red,Bainbridge Island Brewing Company,American Amber / Red Ale,8.50 %,730,MadTree Bourbon Barrel Aged Happy Amber,MadTree Brewing Company,Amber Ale,6 %,106
1219,730,0,1219,Bulleit Bourbon Barrel Aged G'Knight,Oskar Blues Grill & Brew,American Amber / Red Ale,8.70 %,730,MadTree Bourbon Barrel Aged Happy Amber,MadTree Brewing Company,Amber Ale,6 %,107
4256,730,0,4256,Frost Quake Bourbon Barrel Aged Barley Wine,Wellington County Brewery,American Barleywine,9.80 %,730,MadTree Bourbon Barrel Aged Happy Amber,MadTree Brewing Company,Amber Ale,6 %,108
4216,730,0,4216,Noggin Floggin ( Bourbon Barrel Aged ),Hopworks Urban Brewery,American Barleywine,9.60 %,730,MadTree Bourbon Barrel Aged Happy Amber,MadTree Brewing Company,Amber Ale,6 %,109
1219,2463,0,1219,Bulleit Bourbon Barrel Aged G'Knight,Oskar Blues Grill & Brew,American Amber / Red Ale,8.70 %,2463,Lompoc Bourbon Barrel Aged Old Tavern Rat,Lompoc Brewing,Barley Wine,9.70 %,110
890,2580,1,890,Ballistic Brewing Co. - Gorgon Red Ale,Indian Wells Brewing Company,American Amber / Red Ale,5.50 %,2580,Ballistic Brewing Gorgon Red Ale,Indian Wells Brewing,Amber Ale,5.50 %,111
890,615,0,890,Ballistic Brewing Co. - Gorgon Red Ale,Indian Wells Brewing Company,American Amber / Red Ale,5.50 %,615,Red Horn Coffee House and Brewing Company Red Horn Drink Well Red Ale,Red Horn Coffee House and Brewing Company,Amber Ale,5.50 %,112
2689,1373,1,2689,Hearthstone Red Rye Ale,Hearthstone Brewery,American Amber / Red Ale,5.00 %,1373,Hearthstone Red Rye Ale,Hearthstone Brewery,Specialty Grain,5 %,113
1672,590,1,1672,River Otter Ale,Union Station Brewery,American Amber / Red Ale,5.10 %,590,Sacramento River Otter Ale,Sacramento Brewing Company,English Pale Ale,5.50 %,114
2086,490,0,2086,Old Cascade Amber Ale,Roosterfish Brewing Co. .,American Amber / Red Ale,5.50 %,490,Central Coast Old Mission Amber Ale,Central Coast Brewing,Amber Ale,5.50 %,115
2089,1038,0,2089,Single Hop # 3 Amber Ale W / Citra,Three Palms Brewing Co. .,American Amber / Red Ale,6.80 %,1038,Lancaster Hop Buggy Amber Ale,Lancaster Brewing Co. .,Amber Ale,5.60 %,116
2089,845,0,2089,Single Hop # 3 Amber Ale W / Citra,Three Palms Brewing Co. .,American Amber / Red Ale,6.80 %,845,Hill Farmstead Amarillo Single Hop Pale Ale,Hill Farmstead Brewery,American Pale Ale,5.20 %,117
1178,698,0,1178,Brewmaster 's Reserve Imperial Red Ale,BJ 's Chicago Pizza & Brewery Inc. .,American Amber / Red Ale,9.20 %,698,Rusty Truck Stupiphany Imperial Red Ale,Rusty Truck Brewing / Roadhouse 101,American Strong Ale,8 %,118
3210,1737,1,3210,Freedom Soho Red,Freedom Brewery Ltd,American Amber / Red Ale,4.70 %,1737,Freedom Soho Red,Freedom,Amber Lager/Vienna,4.70 %,119
4286,2362,1,4286,Heavyweight Ticklefight Champion Of The World,Solemn Oath Brewery,American Barleywine,12.00 %,2362,Solemn Oath Heavyweight Ticklefight Champion of the World,Solemn Oath Brewery,Barley Wine,12 %,120
3758,2120,1,3758,Neudorf Red Ale,Brasserie Bendorf,American Amber / Red Ale,-,2120,Bendorf Neudorf Red Ale,Bendorf,Irish Ale,6 %,121
1898,2085,0,1898,Red Dragon Smoked Amber Ale,Hoppy Brewing Co. .,American Amber / Red Ale,5.50 %,2085,Baird Smoked Amber Ale,Baird Brewing Co. .,Smoked,-,122
1898,1408,0,1898,Red Dragon Smoked Amber Ale,Hoppy Brewing Co. .,American Amber / Red Ale,5.50 %,1408,Kilted Dragon Bonnie Heather Amber Ale,Kilted Dragon Brewing Company,Amber Ale,5 %,123
2401,179,0,2401,Mr. Grain Jeans Organic Amber Ale,Outpost Natural Foods,American Amber / Red Ale,5.50 %,179,Squatters Respect Your Mother Organic Amber Ale,Squatters Craft Beers,Amber Ale,4 %,124
2770,1428,0,2770,Road Rash Red,Tandem Brewing Company,American Amber / Red Ale,6.00 %,1428,Kettle House Bourbon Barrel Road Rash Imperial Red Ale,Kettle House Brewing Company,American Strong Ale,13 %,125
3417,1983,0,3417,Pizza Orgasmica Amber Ale,Devil 's Canyon Brewing Company,American Amber / Red Ale,6.50 %,1983,Pizza Port Acacia Amber Ale,Pizza Port &#40; Solana Beach &#41;,Belgian Ale,-,126
1118,2812,0,1118,Iron Mike 's Amber Ale,Jacob Leinenkugel Brewing Company,American Amber / Red Ale,-,2812,Railway City Iron Spike Amber Ale,Railway City Brewing Company,Amber Ale,4.60 %,127
2209,2728,0,2209,Port Chester Red Ale,Greenpoint Beerworks / Kelso of Brooklyn,American Amber / Red Ale,5.50 %,2728,Pizza Port Rhino Chaser Imperial Red Ale,Pizza Port &#40; Ocean Beach &#41;,American Strong Ale,9.50 %,128
3626,2728,0,3626,Starlord 's Mixtape / Groot Drank Imperial Red Ale,Charging Hippo Brewing Co. .,American Amber / Red Ale,8.20 %,2728,Pizza Port Rhino Chaser Imperial Red Ale,Pizza Port &#40; Ocean Beach &#41;,American Strong Ale,9.50 %,129
1621,1853,0,1621,Red Rocket Amber Ale,Third Base Sports Bar & Brewery,American Amber / Red Ale,6.40 %,1853,Blue Cat Red Toad Amber Ale,Blue Cat Brew Pub,Premium Bitter/ESB,5.70 %,130
1621,12,0,1621,Red Rocket Amber Ale,Third Base Sports Bar & Brewery,American Amber / Red Ale,6.40 %,12,Red Duck Amber Ale,Purrumbete Brewing,Amber Ale,4.80 %,131
3248,1298,0,3248,The `` Ginger '' A Red Ale,Elk Street Brewery & Tap Room,American Amber / Red Ale,6.80 %,1298,The Beer Company Wyatt Earp Red Ale,The Beer Company,Irish Ale,7 %,132
736,316,0,736,North 45 Amber Ale,Petoskey Brewing Company,American Amber / Red Ale,5.80 %,316,Thirsty Pagan North Coast Amber Ale,Thirsty Pagan Brewing,Amber Ale,-,133
4003,2284,1,4003,Red 's On Vacation,Barley John 's Brew Pub,American Amber / Red Ale,5.44 %,2284,Barley Johns Reds on Vacation,Barley Johns Brew Pub,Amber Ale,5.44 %,134
4088,2351,1,4088,Old Cellar Dweller,Driftwood Brewery,American Barleywine,11.60 %,2351,Driftwood Old Cellar Dweller Barleywine,Driftwood Brewery &#40; Canada &#41;,Barley Wine,14 %,135
2606,1320,1,2606,Sons Of Anarchy Amber Ale,Sudwerk Brewing Company,American Amber / Red Ale,4.70 %,1320,Sudwerk Sons Of Anarchy Amber Ale,Sudwerk Brewing Company,Amber Ale,4.70 %,136
1460,412,1,1460,Eldred Rock Amber,Haines Brewing Company,American Amber / Red Ale,5.00 %,412,Haines Eldred Rock Amber,Haines Brewing Co. .,Amber Ale,5 %,137
1281,704,0,1281,Blood On The Blade Red IPA,Backpocket Brewing,American Amber / Red Ale,7.00 %,704,Bacchus / Burrow Bloodhound Blood Red IPA,Bacchus Brewing Company &#40; Australia &#41;,India Pale Ale &#40; IPA &#41;,6 %,138
2362,1136,1,2362,My Hoppy Valentine,Excel Brewing Company,American Amber / Red Ale,6.50 %,1136,Excel My Hoppy Valentine,Excel Brewing Company,Amber Ale,6.50 %,139
906,419,0,906,Big Horn Buttface Amber Ale,C.B. & Potts,American Amber / Red Ale,-,419,Big Texan Texas Red Amber Ale,Big Texan Brewery,Amber Ale,4.50 %,140
2491,1260,0,2491,5 Star Amber Ale,The Civil Life Brewing Company,American Amber / Red Ale,5.00 %,1260,Blue Star Apache Amber Ale,Blue Star Brewing Co. .,Amber Ale,-,141
1661,351,0,1661,Barrel Aged Imperial Red,Hale 's Ales Brewery & Pub,American Amber / Red Ale,9.00 %,351,Imperial Oak Barrel Aged Odin_s Beard,Imperial Oak Brewing,American Strong Ale,9 %,142
1436,1069,0,1436,Mountian Goat Rare Breed India Red Ale,Mountain Goat Beer Pty Ltd,American Amber / Red Ale,6.60 %,1069,Hammond River Red Coat India Red Ale,Hammond River Brewing,Amber Ale,6.50 %,143
386,2204,1,386,Belle Gueule Rousse,Brasseurs R.J.,American Amber / Red Ale,5.20 %,2204,Belle Gueule Rousse,Brasseurs RJ,Amber Lager/Vienna,5.20 %,144
2992,1590,1,2992,Ise Kadoya Amber Ale,Nikenjayamochi Kadoya Honten Co. / Ise Kadoya Brewery,American Amber / Red Ale,4.50 %,1590,Ise Kadoya Amarillo Amber Ale,Ise Kadoya,Amber Ale,-,145
1433,1261,0,1433,Molly American Red Ale,New Helvetia Brewing Company,American Amber / Red Ale,5.00 %,1261,Big Time Lift Ticket American Red Ale,Big Time Brewery,India Pale Ale &#40; IPA &#41;,7 %,146
1456,409,1,1456,Barbarian Red Ale,CervecerÃa Barbarian,American Amber / Red Ale,6.50 %,409,Barbarian Red Ale,CervecerÃa Barbarian,Amber Ale,6.50 %,147
4329,2416,0,4329,Barrel Aged Series : Barley Wine,Parallel 49 Brewing Company,American Barleywine,11.80 %,2416,Elevator Barrel Aged Barley Wine,Elevator Brewing Company,Barley Wine,-,148
4329,2314,0,4329,Barrel Aged Series : Barley Wine,Parallel 49 Brewing Company,American Barleywine,11.80 %,2314,Hangar 24 Barrel Roll No. 04 : Hammerhead - Barrel Aged Barley Wine,Hangar 24 Craft Brewery,Barley Wine,11.20 %,149
34,2048,0,34,Shark Attack Double Red Ale,Port Brewing,American Amber / Red Ale,9.00 %,2048,Midnight Sun Unite Double Red Hot Ale &#40; 2015 &#41;,Midnight Sun Brewing Company,Amber Ale,7.50 %,150
1926,2048,0,1926,Double Red Ale,The Seven Barrel Brewery,American Amber / Red Ale,8.20 %,2048,Midnight Sun Unite Double Red Hot Ale &#40; 2015 &#41;,Midnight Sun Brewing Company,Amber Ale,7.50 %,151
2399,144,0,2399,Barrel Aged Riverside Red,Intuition Ale Works,American Amber / Red Ale,7.80 %,144,Blue Pants Big & Tall # 2 : Barrel Aged Belgian Red,Blue Pants Brewery,Amber Ale,9 %,152
3802,2149,1,3802,Oatmeal Amber Ale,Ornery Beer Company Public House,American Amber / Red Ale,5.70 %,2149,John Harvards Oatmeal Amber Ale,John Harvard_s Brewhouse &#40; Corporate Office &#41;,Amber Ale,6.50 %,153
1648,571,1,1648,Rip Saw Red,Pints Brewing Co. .,American Amber / Red Ale,6.50 %,571,Pints Rip Saw Red,Pints Brewing Company,Amber Ale,5.90 %,154
1604,213,0,1604,Morrisons American Red Ale,Titanic Brewery,American Amber / Red Ale,4.50 %,213,Americas American Red Ale,Americas Brewpub,Amber Ale,-,155
2960,287,0,2960,Sequoia American Amber Ale,Wig And Pen,American Amber / Red Ale,5.90 %,287,Aarhus Cains Triple A American Amber Ale,Aarhus Bryghus,Amber Ale,5.50 %,156
2960,1275,0,2960,Sequoia American Amber Ale,Wig And Pen,American Amber / Red Ale,5.90 %,1275,Canal Park General Sterling Price American Amber Ale - Centennial,Canal Park Brewing Company,Amber Ale,4.80 %,157
3632,1275,0,3632,Weekender American Amber Ale,Stilt House Brewery,American Amber / Red Ale,5.20 %,1275,Canal Park General Sterling Price American Amber Ale - Centennial,Canal Park Brewing Company,Amber Ale,4.80 %,158
429,2636,0,429,Simeon Jones River Valley Amber Ale,Picaroons Brewing Co. .,American Amber / Red Ale,4.50 %,2636,Piney River McKinney Eddy Amber Ale,Piney River Brewing Company,Amber Ale,-,159
1647,2409,0,1647,Wasatch 50th Park City Golden Anniversary Ale,Utah Brewers Cooperative,American Amber / Red Ale,4.00 %,2409,Golden City Centurion Barleywine Ale,Golden City Brewery,Barley Wine,11.20 %,160
3035,1620,1,3035,Regimental 80 Scottish Ale,Crooked Eye Brewery,American Amber / Red Ale,4.70 %,1620,Crooked Eye Regimental 80 Scottish Ale,Crooked Eye Brewery,Scottish Ale,4.70 %,161
1914,793,1,1914,Dream Of The 90 's,Prohibition Pig,American Amber / Red Ale,6.10 %,793,Prohibition Pig Dream of the 90s,Prohibition Pig,Amber Ale,-,162
2463,1206,1,2463,Fullers Traitors ' Gate,Fuller Smith & Turner PLC,American Amber / Red Ale,4.50 %,1206,Fuller_s Traitor_s Gate,Fuller_s,Bitter,4.50 %,163
2289,1085,1,2289,Blarney Rock Irish Ale,Rockyard Brewing,American Amber / Red Ale,6.00 %,1085,Rockyard Blarney Rock Irish Ale,Rockyard Brewing Company,Irish Ale,-,164
1501,2750,0,1501,Big Bear Amber Ale,Stewart 's Brewing Co. .,American Amber / Red Ale,5.60 %,2750,Big Horn Buttface Amber Ale,Big Horn Brewing Company &#40; Ram International &#41;,Amber Ale,5.80 %,165
284,2517,0,284,Great Lakes Independence Ale,Great Lakes Brewing Co. .,American Amber / Red Ale,6.00 %,2517,Amsterdam X Sawdust City X Great Lakes X Indie Ale Barley Wine &#40; Oak &#41;,Amsterdam Brewing Company,Barley Wine,10 %,166
2506,1242,1,2506,Shirt Tail Amber,Iron Hill Brewery & Restaurant,American Amber / Red Ale,4.40 %,1242,Iron Hill Shirt Tail Amber,Iron Hill Maple Shade,Amber Ale,4.40 %,167
1815,2654,0,1815,Desert Island Series : American Honey Amber Ale,Heavy Seas Beer,American Amber / Red Ale,4.90 %,2654,Granville Island Gastown Amber Ale,Granville Island &#40; Brewery - MolsonCoors &#41;,Amber Ale,5.50 %,168
2780,1594,0,2780,Hurricane Alley Amber Ale,Florida Beer Company,American Amber / Red Ale,-,1594,Charleville Tornado Alley Amber Ale,Charleville Vineyard & Microbrewery,Amber Ale,-,169
3842,1281,0,3842,Red Headed Slut Amber Ale,Twisted K-8 Brewing Company,American Amber / Red Ale,6.50 %,1281,Baird Red Rose Amber Ale,Baird Brewing Co. .,California Common,5.40 %,170
3842,2546,0,3842,Red Headed Slut Amber Ale,Twisted K-8 Brewing Company,American Amber / Red Ale,6.50 %,2546,Trailhead Red Amber Ale,Trailhead Brewing Co. .,Amber Ale,-,171
1218,2618,0,1218,Bourbon Barrel Aged Horus Imperial Red,Elevator Brewery & Draught Haus,American Amber / Red Ale,12.00 %,2618,Legacy Bourbon Barrel Hedonism Red,Legacy Brewing,American Strong Ale,7.10 %,172
589,1586,0,589,Rocky Mountain Red Ale,Grand Lake Brewing Company,American Amber / Red Ale,-,1586,Crazy Mountain Boohai Red Ale &#40; Kura Koa &#41;,Crazy Mountain Brewing Company,Amber Ale,6 %,173
4030,2508,0,4030,Alaskan Barley Wine ( Pilot Series ),Alaskan Brewing Co. .,American Barleywine,10.70 %,2508,Hermit Thrush Abbey Series # 1 - Jolly Abbot Barley Wine,Hermit Thrush Brewery,Barley Wine,13 %,174
4157,2405,1,4157,Fisherman 's Tea Party,Cape Ann Brewing Company,American Barleywine,9.00 %,2405,Cape Ann Fisherman_s Tea Party,Cape Ann Brewing Company,Barley Wine,9 %,175
42,1025,0,42,Kingpin Double Red Ale,BridgePort Brewing Co. / Brewpub,American Amber / Red Ale,7.50 %,1025,Out of Bounds Relentless Double Red Ale,Out of Bounds Brewing Company,American Strong Ale,8.20 %,176
543,2232,0,543,Harold The Red Ale,Black Husky Brewing,American Amber / Red Ale,-,2232,Off the Rail Raybuck Red Ale,Off the Rail Brewing,Amber Ale,6.40 %,177
1157,155,1,1157,Insane Mane Red Ale,White Lion Brewing Company,American Amber / Red Ale,5.10 %,155,White Lion Insane Mane Red Ale,Ipswich Ale Brewery,Amber Ale,-,178
3381,2275,0,3381,Willoughby American Amber Ale,Willoughby Brewing,American Amber / Red Ale,4.90 %,2275,Maldita Old Continent American Amber Ale,Faustino Microcervejeira,Amber Ale,6 %,179
1375,2610,0,1375,Clifford The Big Red Ale,Books & Brews,American Amber / Red Ale,6.80 %,2610,Big Choice Disconnected Red Ale,Big Choice Brewing,Amber Ale,6.70 %,180
4237,2466,1,4237,Barrel Aged Chessie,Union Craft Brewing Company,American Barleywine,9.80 %,2466,Union Craft Chessie Barleywine Barrel Aged,Union Craft Brewing Company,Barley Wine,9.80 %,181
2722,1393,1,2722,Summer Session Ale,Elk Creek Cafe + Aleworks,American Amber / Red Ale,4.20 %,1393,Aqula Summer Session Ale,Aqula,English Pale Ale,4.50 %,182
2925,2208,0,2925,Jurassic Duck Amber Ale ( dry Hopped With Mosaic ),The Dodging Duck Brewhaus,American Amber / Red Ale,-,2208,Nighthawk 16-Hour Dry Hopped Amber,Nighthawk Brewery,Amber Ale,6.70 %,183
654,1892,0,654,O'Connor 's Irish Red Ale,Wormtown Brewery,American Amber / Red Ale,5.00 %,1892,Loose Shoe SlÃ ¡ inte Irish Red Ale,Loose Shoe Brewing Company,Irish Ale,5.50 %,184
512,1356,0,512,Hawai'i Nui Sunset Amber Ale,Hawai'i Nui Brewing / Mehana Brewing Company,American Amber / Red Ale,5.45 %,1356,Grand Canyon Sunset Amber Ale,Grand Canyon Brewing Company,Amber Ale,5 %,185
418,2441,1,418,Strada S. Felice,Grado Plato,American Amber / Red Ale,8.00 %,2441,Grado Plato Strada S. Felice,Birrificio Grado Plato,Spice/Herb/Vegetable,8 %,186
1599,2975,0,1599,Sea Spray Amber Ale,Bowen Island Brewing Co. Ltd. .,American Amber / Red Ale,5.00 %,2975,Swashbuckler Red Sea Amber Ale,Swashbuckler Brewing Company,Amber Ale,-,187
252,2975,0,252,Red Rose Amber Ale,Baird Brewing Company / Fishmarket Taproom,American Amber / Red Ale,5.40 %,2975,Swashbuckler Red Sea Amber Ale,Swashbuckler Brewing Company,Amber Ale,-,188
613,2429,0,613,Beer Of The Dragon,Beachwood BBQ & Brewing,American Amber / Red Ale,9.10 %,2429,Anderson Valley Barrel Aged Horn of the Beer Barley Wine,Anderson Valley Brewing Company,Barley Wine,8.60 %,189
4304,2429,0,4304,Isle Of Pines Barley Wine,Flying Goose Brew Pub & Grille,American Barleywine,11.00 %,2429,Anderson Valley Barrel Aged Horn of the Beer Barley Wine,Anderson Valley Brewing Company,Barley Wine,8.60 %,190
1022,2839,0,1022,Olde Richmond Batch No. 9 Red Ale,Olde Richmond Beer Company,American Amber / Red Ale,-,2839,Engine House No. 9 Rowdy Dick Amber Ale,Engine House No. 9 Restaurant and Brewery,Amber Ale,5.30 %,191
3079,1650,1,3079,Unite Red Rye Ale,The Pike Brewing Company,American Amber / Red Ale,4.60 %,1650,Pike Unite Red Rye Ale,Pike Brewing Company,Amber Ale,4.60 %,192
3251,997,0,3251,Fresh Hop Red,Liquid Mechanics Brewing Co. .,American Amber / Red Ale,7.40 %,997,Ice Harbor Double Red Ale - Fresh Hop,Ice Harbor Brewing Company,Amber Ale,7 %,193
1219,2470,0,1219,Bulleit Bourbon Barrel Aged G'Knight,Oskar Blues Grill & Brew,American Amber / Red Ale,8.70 %,2470,Figure Eight Bourbon Barrel Aged Jumbo Love,Figure Eight Brewing,Barley Wine,-,1
492,1635,0,492,Double Dragon Imperial Red Ale,Phillips Brewing Company,American Amber / Red Ale,8.20 %,1635,Scuttlebutt Mateo Loco Imperial Red Ale,Scuttlebutt Brewing Co. .,American Strong Ale,7.10 %,2
1755,1635,0,1755,Batch 200 _ `` Olympus Mons Imperial Red Ale,Due South Brewing Co. .,American Amber / Red Ale,9.20 %,1635,Scuttlebutt Mateo Loco Imperial Red Ale,Scuttlebutt Brewing Co. .,American Strong Ale,7.10 %,3
3917,2224,1,3917,Honey Basil Amber,Rude Hippo Brewing Company,American Amber / Red Ale,7.40 %,2224,Rude Hippo Honey Basil Amber,18th Street Brewery,Amber Ale,7.40 %,4
2155,2948,0,2155,Clifford 's Big Red Ale,Funky Buddha Brewery,American Amber / Red Ale,9.70 %,2948,Big Island Red Giant Ale,Big Island Brewhaus,American Strong Ale,6.50 %,5
2155,1261,0,2155,Clifford 's Big Red Ale,Funky Buddha Brewery,American Amber / Red Ale,9.70 %,1261,Big Time Lift Ticket American Red Ale,Big Time Brewery,India Pale Ale &#40; IPA &#41;,7 %,6
271,1410,1,271,Real McCoy Amber Ale,Mammoth Brewing Company,American Amber / Red Ale,4.50 %,1410,Mammoth Real McCoy Amber Ale,Mammoth Brewing Company,Altbier,4.50 %,7
3309,716,0,3309,Aqula American Amber Ale,Bier Kaffee Aqula,American Amber / Red Ale,4.50 %,716,Heavy Seas Desert Island Series American Honey Amber Ale,Heavy Seas Brewing Company,Amber Ale,4.90 %,8
1024,37,0,1024,Rocket City Red,Straight To Ale,American Amber / Red Ale,5.00 %,37,Sawdust City Red Rocket Coffee Spiced Stout,Sawdust City Brewing Company,Spice/Herb/Vegetable,5.20 %,9
1780,685,1,1780,Jazz Beer Tarraco Amber,Tarraco Beer,American Amber / Red Ale,6.90 %,685,Jazz Beer Tarraco Amber,Ca l_Arenys - Cervezas Guineu,Amber Ale,6.90 %,10
1479,1563,0,1479,Twisted Stick Amber Ale,Portneuf Valley Brewing,American Amber / Red Ale,-,1563,Sick N Twisted Pleasure Victim Amber Ale,Sick N Twisted Brewing Company,Amber Ale,5.50 %,11
2026,1679,0,2026,Red Hopper ( Imperial Red Ale ),Black Acre Brewing Co. .,American Amber / Red Ale,6.20 %,1679,Brannon_s Deputation Imperial Red Ale,Brannon_s Pub and Brewery,American Strong Ale,8.79 %,12
184,1679,0,184,Smuttynose Kindest Find Imperial Red Ale,Smuttynose Brewing Company,American Amber / Red Ale,8.50 %,1679,Brannon_s Deputation Imperial Red Ale,Brannon_s Pub and Brewery,American Strong Ale,8.79 %,13
2026,1496,0,2026,Red Hopper ( Imperial Red Ale ),Black Acre Brewing Co. .,American Amber / Red Ale,6.20 %,1496,Kinetic Infrared Imperial Red Ale,Kinetic Brewing Company,American Strong Ale,9.30 %,14
696,1496,0,696,BJ 's Imperial Red Ale,BJ 's Restaurant & Brewhouse,American Amber / Red Ale,9.00 %,1496,Kinetic Infrared Imperial Red Ale,Kinetic Brewing Company,American Strong Ale,9.30 %,15
184,1889,0,184,Smuttynose Kindest Find Imperial Red Ale,Smuttynose Brewing Company,American Amber / Red Ale,8.50 %,1889,Rock Bottom Orland Park King of Hearts Imperial Red Ale,Rock Bottom Orland Park,American Strong Ale,7.60 %,16
3402,1889,0,3402,Red Shedman 's Imperial Amber Ale,57 Brew Pub & Bistro,American Amber / Red Ale,7.60 %,1889,Rock Bottom Orland Park King of Hearts Imperial Red Ale,Rock Bottom Orland Park,American Strong Ale,7.60 %,17
184,1255,0,184,Smuttynose Kindest Find Imperial Red Ale,Smuttynose Brewing Company,American Amber / Red Ale,8.50 %,1255,Ballast Point Tongue Buckler Imperial Red Ale - Bourbon Barrel Aged,Ballast Point Brewing Company,American Strong Ale,10 %,18
1178,1255,0,1178,Brewmaster 's Reserve Imperial Red Ale,BJ 's Chicago Pizza & Brewery Inc. .,American Amber / Red Ale,9.20 %,1255,Ballast Point Tongue Buckler Imperial Red Ale - Bourbon Barrel Aged,Ballast Point Brewing Company,American Strong Ale,10 %,19
525,433,0,525,Red Racer India Style Red Ale,Central City Brewers + Distillers,American Amber / Red Ale,5.60 %,433,Heist American Style Red Ale,Heist Brewery,Amber Ale,4.50 %,20
525,2972,0,525,Red Racer India Style Red Ale,Central City Brewers + Distillers,American Amber / Red Ale,5.60 %,2972,GoodLife Redside India Red Ale,GoodLife Brewing Company,India Pale Ale &#40; IPA &#41;,6 %,21
3,641,0,3,Green Flash Hop Head Red Ale,Green Flash Brewing Co. .,American Amber / Red Ale,8.10 %,641,Iron Horse Fresh Hop Imperial Red Ale,Iron Horse Brewery,American Strong Ale,-,22
3,439,0,3,Green Flash Hop Head Red Ale,Green Flash Brewing Co. .,American Amber / Red Ale,8.10 %,439,Bagby Hop Crop Red Ale,Bagby Beer Company,Amber Ale,5.90 %,23
4068,2374,0,4068,Pike Old Bawdy Barley Wine,The Pike Brewing Company,American Barleywine,9.90 %,2374,Bristol Old No. 23 Barley Wine,Bristol Brewing Company,Barley Wine,11.25 %,24
4203,2425,0,4203,Three Sheets Barleywine ( Syrah Barrel Aged ),Ballast Point Brewing Company,American Barleywine,9.00 %,2425,Tighthead Barrel Aged Old Kaya Dog Barleywine,Tighthead Brewing Company,Barley Wine,10.30 %,25
2572,221,0,2572,Red Rock Opie Red Ale,Red Rock Brewing Company,American Amber / Red Ale,4.00 %,221,Council Rock Sleeping Lion Red Ale,Council Rock Brewery,Irish Ale,6 %,26
309,2621,0,309,Ruby Red American Ale,Fat Bottom Brewing,American Amber / Red Ale,6.10 %,2621,Black Shirt American India Red Ale,Black Shirt Brewing Company,American Strong Ale,7.09 %,27
309,418,0,309,Ruby Red American Ale,Fat Bottom Brewing,American Amber / Red Ale,6.10 %,418,Genesee Brew House American Red Ale,Genesee Brewing Company &#40; North American Breweries &#41;,Amber Ale,5 %,28
200,559,0,200,Rock Bottom Red Ale,Rock Bottom Restaurant & Brewery,American Amber / Red Ale,5.60 %,559,Rock Bottom La Jolla Ragtop Red Ale,Rock Bottom La Jolla,Amber Ale,5.40 %,29
3963,63,0,3963,Hop Around Imperial Red Ale,Big Bay Brewing Co. .,American Amber / Red Ale,9.00 %,63,Marble Imperial Red Ale,Marble Brewery,American Strong Ale,9 %,30
3963,980,0,3963,Hop Around Imperial Red Ale,Big Bay Brewing Co. .,American Amber / Red Ale,9.00 %,980,Kern River Dirty Hippie Imperial Red Ale,Kern River Brewing,American Strong Ale,8 %,31
2633,2143,0,2633,Blue Bridge Amber Dry Hopped,Galveston Island Brewing Company,American Amber / Red Ale,6.00 %,2143,Winthrop Double Dry Hopped Amber,Winthrop Brewing Company,Amber Ale,-,32
2558,1284,1,2558,Arrow Point Amber,Bainbridge Island Brewing Company,American Amber / Red Ale,5.40 %,1284,Bainbridge Island Arrow Point Amber,Bainbridge Island Brewing Company,Amber Ale,5.40 %,33
1218,2463,0,1218,Bourbon Barrel Aged Horus Imperial Red,Elevator Brewery & Draught Haus,American Amber / Red Ale,12.00 %,2463,Lompoc Bourbon Barrel Aged Old Tavern Rat,Lompoc Brewing,Barley Wine,9.70 %,34
1218,1445,0,1218,Bourbon Barrel Aged Horus Imperial Red,Elevator Brewery & Draught Haus,American Amber / Red Ale,12.00 %,1445,Riverbend Barrel Aged Right Said Red,Riverbend Brewing & Sports Pub,American Strong Ale,9.20 %,35
501,216,0,501,Good Medicine Strong Red Ale,Great Northern Brewing Co. / Black Star Draught House,American Amber / Red Ale,7.50 %,216,Good People Stepchild Belgian India Red Ale,Good People Brewing Company,India Pale Ale &#40; IPA &#41;,7.80 %,36
29,2883,0,29,Tongue Buckler - Imperial Red Ale,Ballast Point Brewing Company,American Amber / Red Ale,10.00 %,2883,Three Heads Buffalo Soul Jah Imperial Red Ale,Custom Brewcrafters,American Strong Ale,9.20 %,37
563,1177,1,563,Amber Waves Ale,Capitol City Brewing,American Amber / Red Ale,5.40 %,1177,Capitol City Amber Waves Ale,Capitol City Brewing Company,Amber Ale,5.60 %,38
1904,2681,0,1904,Rocky Point Red Ale,Revival Brewing Co. .,American Amber / Red Ale,5.50 %,2681,Alley Kat Rocky Mountain Red Ale &#40; The Cheesecake Cafe &#41;,Alley Kat Brewing Company,Irish Ale,-,39
1251,812,0,1251,Big Red Ale,Red Car Brewery and Restaurant,American Amber / Red Ale,5.70 %,812,Big Bear Lake Sidewinder Red Ale,Big Bear Lake Brewing Company,Amber Ale,8.50 %,40
113,475,0,113,Alexander Keith 's Red Amber Ale,Alexander Keith 's,American Amber / Red Ale,5.00 %,475,Hollywood Beach Red Tide Amber Ale,Hollywood Beach Brewing Company,Amber Ale,5.20 %,41
2596,2124,0,2596,Brass Ale Honey Amber,Great Storm Brewing Co. .,American Amber / Red Ale,5.30 %,2124,Salty Nut Bee Transfixed Honey Amber Ale,Salty Nut Brewery,Amber Ale,5.50 %,42
1900,333,0,1900,Main Street Amber Ale,Fifty West Brewing Co,American Amber / Red Ale,4.60 %,333,Thorn Street Smugglers Cove Agave Amber Ale,Thorn Street Brewery,Amber Ale,6.20 %,43
4181,2300,0,4181,Inception Series - Runnin ' With The Devil,Nebraska Brewing Company,American Barleywine,11.90 %,2300,18th Street Deal With the Devil Pale Ale,18th Street Brewery,Imperial IPA,8.50 %,44
1621,548,1,1621,Red Rocket Amber Ale,Third Base Sports Bar & Brewery,American Amber / Red Ale,6.40 %,548,Third Base Red Rocket Amber Ale,Third Base Sports Bar & Brewery,Amber Ale,4.60 %,45
1621,2601,0,1621,Red Rocket Amber Ale,Third Base Sports Bar & Brewery,American Amber / Red Ale,6.40 %,2601,Liberty Street Red Glare Amber Ale,Liberty Street Brewing Company,Amber Ale,5.20 %,46
487,1519,0,487,Three Beavers Imperial Red Ale,Howe Sound Inn & Brewing Company,American Amber / Red Ale,7.50 %,1519,Lavery Imperial Red Ale &#40; IRA &#41;,Lavery Brewing Company,American Strong Ale,8.20 %,47
4168,2381,0,4168,Elevator Barrel Aged Barley Wine ( Bar Bar ),Elevator Brewery & Draught Haus,American Barleywine,11.00 %,2381,Hopworks Bourbon Aged Noggin Floggin Barley Wine,Hopworks Urban Brewery,Barley Wine,9.50 %,48
2007,203,1,2007,Bushfire American Red,Granite Falls Brewing Co. .,American Amber / Red Ale,5.00 %,203,Granite Falls Bushfire American Red Ale,Granite Falls Brewing Company,Amber Ale,5 %,49
833,2728,0,833,Buffalo Soul Jah Imperial Red Ale,Three Heads Brewing,American Amber / Red Ale,9.20 %,2728,Pizza Port Rhino Chaser Imperial Red Ale,Pizza Port &#40; Ocean Beach &#41;,American Strong Ale,9.50 %,50
3842,1853,0,3842,Red Headed Slut Amber Ale,Twisted K-8 Brewing Company,American Amber / Red Ale,6.50 %,1853,Blue Cat Red Toad Amber Ale,Blue Cat Brew Pub,Premium Bitter/ESB,5.70 %,51
2444,1348,0,2444,Buck And Ball Double Amber Ale,Natty Greene 's Pub & Brewing Co. .,American Amber / Red Ale,6.80 %,1348,Fox and Hound Red Fox Amber Ale,Anheuser-Busch InBev,Amber Ale,5.10 %,52
76,2831,0,76,Green Lakes Organic Ale,Deschutes Brewery,American Amber / Red Ale,5.20 %,2831,Deschutes Green Lakes Non-Organic Ale,Deschutes Brewery,Amber Ale,6.40 %,53
2215,1120,0,2215,Rabbit Mountain Red Ale,300 Suns Brewing,American Amber / Red Ale,6.80 %,1120,Figueroa Mountain / Pizza Port Shark Lips Imperial Red Ale,Figueroa Mountain Brewing,American Strong Ale,8 %,54
2494,2565,0,2494,Easy Amber Ale,Scottsdale Beer Company,American Amber / Red Ale,5.70 %,2565,Upland Easy Chair Amber Ale,Upland Brewing Company,Amber Ale,5.60 %,55
1042,55,1,1042,Legends Of The Bay Giant 's Tomb,Hockley Valley Brewing Co. .,American Amber / Red Ale,5.00 %,55,Legends of the Bay Giant_s Tomb,Hockley Valley Brewing & Malting Company,Amber Ale,5 %,56
1661,1163,0,1661,Barrel Aged Imperial Red,Hale 's Ales Brewery & Pub,American Amber / Red Ale,9.00 %,1163,Intuition Barrel Aged Riverside Red,Intuition Ale Works,Amber Ale,7.80 %,57
1661,1428,0,1661,Barrel Aged Imperial Red,Hale 's Ales Brewery & Pub,American Amber / Red Ale,9.00 %,1428,Kettle House Bourbon Barrel Road Rash Imperial Red Ale,Kettle House Brewing Company,American Strong Ale,13 %,58
4027,2510,0,4027,Lower De Boom Barleywine,21st Amendment Brewery,American Barleywine,11.50 %,2510,21st Amendment Bourbon Barrel Lower da Boom Barleywine,21st Amendment Brewery,Barley Wine,9.50 %,59
3959,447,0,3959,Amber Ale With Spanish Orange,Dangerous Man Brewing,American Amber / Red Ale,6.00 %,447,Big Bear Mountain Orange Blossom Amber Ale,Big Bear Mountain Brewery,Fruit Beer,4.50 %,60
2316,838,0,2316,Brew Kahuna NW Red Ale,Sky High Brewing,American Amber / Red Ale,5.20 %,838,Brew Bus Detour Series : Rollin Dirty Red Ale - Wood Aged,Cigar City Brewing,Irish Ale,5 %,61
4117,838,0,4117,Old Guardian Barley Wine Style Ale - Red Wine Barrel Aged,Stone Brewing Co. .,American Barleywine,11.20 %,838,Brew Bus Detour Series : Rollin Dirty Red Ale - Wood Aged,Cigar City Brewing,Irish Ale,5 %,62
3381,1859,1,3381,Willoughby American Amber Ale,Willoughby Brewing,American Amber / Red Ale,4.90 %,1859,Willoughby American Amber Ale,Willoughby Brewing Co. .,Amber Ale,5.50 %,63
4256,1825,0,4256,Frost Quake Bourbon Barrel Aged Barley Wine,Wellington County Brewery,American Barleywine,9.80 %,1825,Lompoc Bourbon Barrel Aged Proletariat Red Ale,Lompoc Brewing,Amber Ale,6.40 %,64
2115,2673,0,2115,Mountain City Amber Ale,Tommyknocker Brewery,American Amber / Red Ale,5.40 %,2673,Fin City Jackspot Amber Ale,Fin City Brewing Company,Amber Ale,5.80 %,65
2115,77,0,2115,Mountain City Amber Ale,Tommyknocker Brewery,American Amber / Red Ale,5.40 %,77,Colorado Mountain Ole 59er Amber Ale,Colorado Mountain Brewery,Amber Ale,5.20 %,66
1842,737,1,1842,Heatwave Red Ale,La Quinta Brewing Co. .,American Amber / Red Ale,6.00 %,737,La Quinta Brewing Co. . Heatwave Red Ale,La Quinta Brewing Co. .,Amber Ale,6 %,67
3079,2048,0,3079,Unite Red Rye Ale,The Pike Brewing Company,American Amber / Red Ale,4.60 %,2048,Midnight Sun Unite Double Red Hot Ale &#40; 2015 &#41;,Midnight Sun Brewing Company,Amber Ale,7.50 %,68
3372,1281,0,3372,Red Toad Amber Ale,Blue Cat Brew Pub,American Amber / Red Ale,5.70 %,1281,Baird Red Rose Amber Ale,Baird Brewing Co. .,California Common,5.40 %,69
262,419,0,262,Red Fox Amber Ale,Rogue Ales,American Amber / Red Ale,-,419,Big Texan Texas Red Amber Ale,Big Texan Brewery,Amber Ale,4.50 %,70
1471,1165,0,1471,Mount Washington Organic Amber Ale,Peak Organic Brewing Company,American Amber / Red Ale,-,1165,Outpost Mr. Grain Jeans Organic Amber Ale,Lakefront Brewery,Amber Ale,5.50 %,71
2972,218,0,2972,Imperial Moustache Red Ale,Salty Nut Brewery,American Amber / Red Ale,6.00 %,218,Phillips Double Dragon Imperial Red Ale,Phillips Brewing Co. .,American Strong Ale,8.20 %,72
4063,2331,1,4063,Thomas Hooker Old Marley Barleywine,Thomas Hooker Brewing Company,American Barleywine,10.00 %,2331,Thomas Hooker Old Marley Barleywine,Thomas Hooker Brewing Company,Barley Wine,10 %,73
4161,2409,1,4161,Centurion Barleywine Ale,Golden City Brewery,American Barleywine,-,2409,Golden City Centurion Barleywine Ale,Golden City Brewery,Barley Wine,11.20 %,74
862,2906,1,862,Red Ale Priprioca,Cervejaria AmazÃ ´ nia Ltda .,American Amber / Red Ale,6.00 %,2906,Amazon Beer Priprioca Red Ale,Amazon Beer,Amber Ale,6 %,75
2242,1048,1,2242,Big Red Balls,Hillcrest Brewing Company,American Amber / Red Ale,8.00 %,1048,Hillcrest Big Red Balls,Hillcrest Brewing Company,Imperial IPA,8 %,76
496,1535,0,496,Mountain Goat Fancy Pants Amber Ale,Mountain Goat Beer Pty Ltd,American Amber / Red Ale,5.40 %,1535,Breckenridge Mountain Series : Hoppy Amber Ale,Breckenridge Brewery,Amber Ale,6.10 %,1
3818,1535,0,3818,Alpine Mountain Amber Ale,Beer By Design,American Amber / Red Ale,5.90 %,1535,Breckenridge Mountain Series : Hoppy Amber Ale,Breckenridge Brewery,Amber Ale,6.10 %,2
2915,77,0,2915,Hoppy Amber Ale ( Mountain Series ),Breckenridge Brewery,American Amber / Red Ale,6.10 %,77,Colorado Mountain Ole 59er Amber Ale,Colorado Mountain Brewery,Amber Ale,5.20 %,3
319,692,0,319,Hoppy Face Amber Ale,Hoppy Brewing Co. .,American Amber / Red Ale,6.10 %,692,2nd Story Hoppy New Year Amber Ale,2nd Story Brewing Company,Amber Ale,5.70 %,4
3170,602,0,3170,Bonehead Red Bourbon Barrel Aged Imperial Red,Four Peaks Brewing Company - 8th Street Brewery,American Amber / Red Ale,8.00 %,602,Andersonville Bourbon Barrel Aged Sour Gangster,Andersonville Brewing Company,Sour Red/Brown,5.50 %,5
252,1073,0,252,Red Rose Amber Ale,Baird Brewing Company / Fishmarket Taproom,American Amber / Red Ale,5.40 %,1073,Upland Rad Red Amber Ale,Upland Brewing Company,Amber Ale,5.60 %,6
2246,2249,0,2246,Freedom Bridge Amber Ale,Barley Brothers Brewery & Grill,American Amber / Red Ale,-,2249,Bridge Ambleside Amber Ale - Pomegranate & Galena Hops,Bridge Brewing Company,Amber Ale,5.30 %,7
3622,2020,1,3622,Buckleys Original Ale,Buckley 's Beers,American Amber / Red Ale,4.50 %,2020,Buckleys Original Ale,Yarra Flats Brewery,English Pale Ale,4.90 %,8
138,1496,0,138,Double Dread Imperial Red Ale,Mad River Brewing Company,American Amber / Red Ale,8.60 %,1496,Kinetic Infrared Imperial Red Ale,Kinetic Brewing Company,American Strong Ale,9.30 %,9
732,461,0,732,Saint Gleason Imperial Red Ale,Abita Brewing Co. .,American Amber / Red Ale,-,461,Yukon You Only Live Once Imperial Red Ale,Yukon Brewing Company,Amber Ale,7.50 %,10
732,1414,0,732,Saint Gleason Imperial Red Ale,Abita Brewing Co. .,American Amber / Red Ale,-,1414,Renegade Scarlett Letter Imperial Red Ale,Renegade Brewing Company,American Strong Ale,8.50 %,11
2423,1414,0,2423,Bourbon Barrel Ro Shampo Imperial Red Ale,Figure 8 Brewing,American Amber / Red Ale,-,1414,Renegade Scarlett Letter Imperial Red Ale,Renegade Brewing Company,American Strong Ale,8.50 %,12
2423,22,0,2423,Bourbon Barrel Ro Shampo Imperial Red Ale,Figure 8 Brewing,American Amber / Red Ale,-,22,Fulton The Libertine Imperial Red Ale - Heaven Hill Rye Whiskey Barrel Aged,Fulton Beer Company,American Strong Ale,8.50 %,13
2423,2618,0,2423,Bourbon Barrel Ro Shampo Imperial Red Ale,Figure 8 Brewing,American Amber / Red Ale,-,2618,Legacy Bourbon Barrel Hedonism Red,Legacy Brewing,American Strong Ale,7.10 %,14
928,2275,0,928,Old Detroit Amber Ale,Frankenmuth Brewery,American Amber / Red Ale,5.60 %,2275,Maldita Old Continent American Amber Ale,Faustino Microcervejeira,Amber Ale,6 %,15
2934,980,0,2934,Ale Mania Imperial Red Ale,Ale-Mania,American Amber / Red Ale,9.50 %,980,Kern River Dirty Hippie Imperial Red Ale,Kern River Brewing,American Strong Ale,8 %,16
1522,467,1,1522,Radeau Red Ale,Cooper 's Cave Ale Company,American Amber / Red Ale,5.50 %,467,Coopers Cave Radeau Red Ale,Coopers Cave Ale Company,Irish Ale,-,17
3748,1626,0,3748,Monkey King Amber Ale,Moonzen Brewery,American Amber / Red Ale,5.00 %,1626,RJ King Wingwalker Amber Ale,Genesee Brewing Company &#40; North American Breweries &#41;,Oktoberfest/M Ã $ rzen,4.50 %,18
2930,628,0,2930,Big Red Hoppy Barn,Westfield River Brewing Company,American Amber / Red Ale,9.50 %,628,21st Amendment Big Hoppy Red Bird,21st Amendment Brewery,Amber Ale,7.10 %,19
1725,447,0,1725,Big V Amber Ale,FreeWheel Brewing Company,American Amber / Red Ale,4.00 %,447,Big Bear Mountain Orange Blossom Amber Ale,Big Bear Mountain Brewery,Fruit Beer,4.50 %,20
3963,623,0,3963,Hop Around Imperial Red Ale,Big Bay Brewing Co. .,American Amber / Red Ale,9.00 %,623,Oak Creek King Crimson Imperial Red Ale,Oak Creek Brewing Co. .,American Strong Ale,9.50 %,21
3963,1120,0,3963,Hop Around Imperial Red Ale,Big Bay Brewing Co. .,American Amber / Red Ale,9.00 %,1120,Figueroa Mountain / Pizza Port Shark Lips Imperial Red Ale,Figueroa Mountain Brewing,American Strong Ale,8 %,22
3661,1090,0,3661,Double Red Hot Ale,Midnight Sun Brewing Co. .,American Amber / Red Ale,7.57 %,1090,Below Grade Super Duty Double Red Ale,Below Grade Brewing LLC,American Strong Ale,7.70 %,23
1237,1862,0,1237,Crater Lake Amber Ale,Klamath Basin Brewing Co. - The Creamery Brew Pub And Grill,American Amber / Red Ale,6.00 %,1862,Flathead Lake Dock Start Amber Ale,Flathead Lake Brewing Company,Amber Ale,5.60 %,24
3251,572,0,3251,Fresh Hop Red,Liquid Mechanics Brewing Co. .,American Amber / Red Ale,7.40 %,572,Laurelwood Fresh Hop Free Range Red &#40; Amarillo &#41;,Laurelwood Public House & Brewery,Amber Ale,6.10 %,25
3593,2636,0,3593,Escanaba River Amber Ale,Dead Bear Brewing Co. .,American Amber / Red Ale,5.76 %,2636,Piney River McKinney Eddy Amber Ale,Piney River Brewing Company,Amber Ale,-,26
2491,1230,1,2491,5 Star Amber Ale,The Civil Life Brewing Company,American Amber / Red Ale,5.00 %,1230,The Civil Life Stevie_s 5 Star Amber Ale,The Civil Life Brewing Company,Amber Ale,5 %,27
1060,1230,0,1060,46 Star Oklahoma Amber Ale,Bricktown Brewery,American Amber / Red Ale,-,1230,The Civil Life Stevie_s 5 Star Amber Ale,The Civil Life Brewing Company,Amber Ale,5 %,28
128,1230,0,128,The Unforgiven Amber Ale,Rush River Brewing Company,American Amber / Red Ale,5.80 %,1230,The Civil Life Stevie_s 5 Star Amber Ale,The Civil Life Brewing Company,Amber Ale,5 %,29
674,2615,0,674,Boundary Bay Amber Ale,Boundary Bay Brewery & Bistro,American Amber / Red Ale,-,2615,Half Moon Bay Mavericks Amber Ale,Half Moon Bay Brewing Company,Amber Ale,4.80 %,30
2614,2627,0,2614,Killer Red Fresh Hop India Red Ale,Double Mountain Brewery & Taproom,American Amber / Red Ale,7.20 %,2627,Central City Red Racer India Style Red Ale,Central City Brewers + Distillers,Irish Ale,5.50 %,31
2614,1645,0,2614,Killer Red Fresh Hop India Red Ale,Double Mountain Brewery & Taproom,American Amber / Red Ale,7.20 %,1645,8 Wired Tall Poppy India Red Ale,Renaissance Brewing,Amber Ale,7 %,32
833,90,0,833,Buffalo Soul Jah Imperial Red Ale,Three Heads Brewing,American Amber / Red Ale,9.20 %,90,Lagunitas Imperial Red Ale,Lagunitas Brewing Company &#40; Heineken &#41;,American Strong Ale,7.80 %,33
99,90,0,99,Alaskan Imperial Red Ale ( Pilot Series ),Alaskan Brewing Co. .,American Amber / Red Ale,8.50 %,90,Lagunitas Imperial Red Ale,Lagunitas Brewing Company &#40; Heineken &#41;,American Strong Ale,7.80 %,34
1322,1308,0,1322,The Live Bait Amber Ale,Mudhook Brewing Company,American Amber / Red Ale,6.00 %,1308,BNS The Hills Have Eyes Amber Ale,BNS Brewing & Distilling,Amber Ale,5.20 %,35
1748,652,1,1748,Rock Steady Red,The Rock Wood Fire Pizza & Brewery,American Amber / Red Ale,5.00 %,652,Acoustic Rock Steady Red Cider,Acoustic Brewing Company,Cider,6 %,36
1743,2334,0,1743,Red 's Heaven 15th Anniversary Imperial Red Ale,Flying Bison Brewing Company,American Amber / Red Ale,8.30 %,2334,Austin Beerworks Battle Axe Imperial Red Ale,Austin Beerworks,American Strong Ale,8 %,37
1743,600,0,1743,Red 's Heaven 15th Anniversary Imperial Red Ale,Flying Bison Brewing Company,American Amber / Red Ale,8.30 %,600,Knee Deep McCarthy_s Bane Imperial Red Ale,Knee Deep Brewing Company,American Strong Ale,8 %,38
429,2805,0,429,Simeon Jones River Valley Amber Ale,Picaroons Brewing Co. .,American Amber / Red Ale,4.50 %,2805,Metolius River Ales Rusty Spinner Amber Ale,Genesee Brewing Company &#40; North American Breweries &#41;,Amber Ale,5.10 %,39
3402,1096,0,3402,Red Shedman 's Imperial Amber Ale,57 Brew Pub & Bistro,American Amber / Red Ale,7.60 %,1096,Boxing Cat Firecracker Imperial Red Ale,Boxing Cat Brewery,Amber Ale,6.60 %,40
2751,2550,0,2751,Spencer Creek Amber Ale,Mia & Pia 's Pizzeria And Brewhouse,American Amber / Red Ale,5.50 %,2550,Ruby Mountain Angel Creek Amber Ale,Ruby Mountain Brewing Company,Amber Ale,-,41
2975,2899,0,2975,Rock River Red Ale,Berghoff Brewery,American Amber / Red Ale,-,2899,Boxing Rock Temptation Red Ale,Boxing Rock Brewing Company,Amber Ale,6 %,42
4173,2425,0,4173,AmEn ! Barleywine - Barrel Aged,Cahoots Brewing,American Barleywine,11.10 %,2425,Tighthead Barrel Aged Old Kaya Dog Barleywine,Tighthead Brewing Company,Barley Wine,10.30 %,43
2700,1380,1,2700,British Knight Scotch Red Ale,Oskar Blues Grill & Brew,American Amber / Red Ale,7.40 %,1380,Oskar Blues British Knight Scotch Red Ale,Oskar Blues Brewery,Scottish Ale,7.40 %,44
354,698,0,354,Climax Noel - Imperial Red Ale,Eel River Brewing Co. .,American Amber / Red Ale,9.20 %,698,Rusty Truck Stupiphany Imperial Red Ale,Rusty Truck Brewing / Roadhouse 101,American Strong Ale,8 %,45
3126,1889,0,3126,Deputation Imperial Red Ale,Brannon 's Pub and Brewery,American Amber / Red Ale,8.00 %,1889,Rock Bottom Orland Park King of Hearts Imperial Red Ale,Rock Bottom Orland Park,American Strong Ale,7.60 %,46
3468,1921,1,3468,Red RYEding Hood,Chapman 's Brewing Company,American Amber / Red Ale,10.00 %,1921,Chapman_s Red RYEding Hood,Chapman_s Brewing Company,Specialty Grain,10 %,47
3388,838,0,3388,Stone Liberty Station Outbreak Series : Red Ale,Stone Brewing Co. .,American Amber / Red Ale,7.00 %,838,Brew Bus Detour Series : Rollin Dirty Red Ale - Wood Aged,Cigar City Brewing,Irish Ale,5 %,48
1249,583,0,1249,San Marcos Red Amber Ale,San Marcos Brewery & Grill,American Amber / Red Ale,5.90 %,583,Fish Rock Red Emperor Amber Ale,Australian Independent Brewers,Amber Ale,4.50 %,49
4050,2517,0,4050,Oak-Aged Backburner ( Imperial Barley Wine Style Ale ),Southern Tier Brewing Company,American Barleywine,9.60 %,2517,Amsterdam X Sawdust City X Great Lakes X Indie Ale Barley Wine &#40; Oak &#41;,Amsterdam Brewing Company,Barley Wine,10 %,50
4104,2416,0,4104,Kickin ' Chicken Bourbon Barrel Barley Wine,Santa Fe Brewing Company,American Barleywine,12.00 %,2416,Elevator Barrel Aged Barley Wine,Elevator Brewing Company,Barley Wine,-,51
977,1601,0,977,JT Schmid 's Emil 's Amber Ale,JT Schmid 's Restaurant & Brewery,American Amber / Red Ale,5.20 %,1601,JT Schmids Emils Amber Ale,JT Schmids Brewhouse & Eatery,Amber Ale,5.20 %,52
4323,2378,0,4323,Ole ' Redbeard Barleywine ( Bourbon Barrel Aged ),Fitger 's Brewhouse,American Barleywine,-,2378,Columbus Bourbon Barrel Aged Uncle Rusty,Columbus Brewing Company,American Strong Ale,-,53
4083,2378,0,4083,Old Guardian Barley Wine Style Ale - Bourbon Barrel Aged,Stone Brewing Co. .,American Barleywine,11.20 %,2378,Columbus Bourbon Barrel Aged Uncle Rusty,Columbus Brewing Company,American Strong Ale,-,54
3533,1962,0,3533,Wobbly Red Ale,Dirty Hands Brewing Company,American Amber / Red Ale,5.90 %,1962,Crannog Wobbly Toddler Red Milk Ale,Crannog Ales,English Strong Ale,7.50 %,55
1030,43,1,1030,Sierra Amber Ale,Silver Peak Restaurant & Brewery,American Amber / Red Ale,4.50 %,43,Chy_e Sierra Amber Ale,Zamecky Pivovar Chy_e,Amber Ale,5.30 %,56
704,124,0,704,Redeemer Imperial Red Ale,Boston Beer Works - Canal Street,American Amber / Red Ale,8.20 %,124,Laguna Beach Grateful Red Imperial Red Ale,Laguna Beach Brewing,American Strong Ale,11 %,57
3372,2546,0,3372,Red Toad Amber Ale,Blue Cat Brew Pub,American Amber / Red Ale,5.70 %,2546,Trailhead Red Amber Ale,Trailhead Brewing Co. .,Amber Ale,-,58
1972,2091,0,1972,S : t Eriks Unite Red Ale,S : t Eriks Bryggeri,American Amber / Red Ale,4.60 %,2091,Daytona Beach FL Wildflower Unite Red Ale,Daytona Beach Brewing Company,Amber Ale,5.90 %,59
925,2564,0,925,Creeper Trail Amber Ale,Wolf Hills Brewing Company,American Amber / Red Ale,4.80 %,2564,Black Diamond Steep Trail Amber Ale,Black Diamond Brewing Company,Amber Ale,5.70 %,60
113,2975,0,113,Alexander Keith 's Red Amber Ale,Alexander Keith 's,American Amber / Red Ale,5.00 %,2975,Swashbuckler Red Sea Amber Ale,Swashbuckler Brewing Company,Amber Ale,-,61
3073,1647,1,3073,MovAmber Moustache Ale,Bull City Burger And Brewery,American Amber / Red Ale,-,1647,Bull City Movamber Moustache Ale,Bull City Burger and Brewery,Amber Ale,-,62
1394,358,1,1394,Hooligan Amber Ale,Bentley Brewing Company / Dark Horse Tavern,American Amber / Red Ale,6.00 %,358,Bentley Hooligan Amber Ale,Bentley Brewing Co. / Dark Horse Tavern,Amber Ale,6 %,63
3652,1911,0,3652,Commander Clifford _ ™ s Imperial Red Ale,The Wrecking Bar Brewpub,American Amber / Red Ale,9.00 %,1911,Proof Abandoned Planet Imperial Red Ale,Proof Brewing Company,Amber Ale,7.50 %,64
4152,2463,0,4152,Bourbon Barrel Aged Behemoth With Cherries,3 Floyds Brewing Co. .,American Barleywine,12.50 %,2463,Lompoc Bourbon Barrel Aged Old Tavern Rat,Lompoc Brewing,Barley Wine,9.70 %,65
4162,2936,0,4162,John Barleycorn - Bourbon Barrel Aged,Mad River Brewing Company,American Barleywine,12.50 %,2936,Actual Bourbon Barrel Aged Elektron,Actual Brewing Company,Amber Ale,7.30 %,66
2163,985,1,2163,Bitter Orange Blossom,I & I Brewing,American Amber / Red Ale,5.30 %,985,I & I Bitter Orange Blossom,I & I Brewing,Amber Ale,5.30 %,67
167,1367,0,167,Red Rock Amber Ale,OPA-OPA Steakhouse & Brewery,American Amber / Red Ale,6.00 %,1367,Elk Mountain Rock Slide Amber Ale,Elk Mountain Brewing Company,Amber Ale,5.50 %,68
2320,524,0,2320,Fire Brew Red Ale,Minhas Craft Brewery,American Amber / Red Ale,5.50 %,524,Conshohocken Hale Fire Red Ale,Conshohocken Brewing Co. .,Amber Ale,6.60 %,69
3246,709,0,3246,Buffalo Trace Bourbon Barrel Aged Amber Ale,Wolf Hills Brewing Company,American Amber / Red Ale,-,709,Bull & Barrel Session Style - Amber Ale,Bull & Barrel Brew Pub,Amber Ale,4.70 %,70
1491,865,0,1491,Fresh Hopped Harvest Ale,Big Al Brewing,American Amber / Red Ale,-,865,10 Barrel Crosby Farms Harvest Fresh Hop Ale,10 Barrel Brewing &#40; AB InBev &#41;,India Pale Ale &#40; IPA &#41;,5.50 %,71
2777,1166,0,2777,Oatmeal Raisin Cookie Ale,Bluebird Microcreamery & Brewery,American Amber / Red Ale,5.90 %,1166,Aftershock Oatmeal Raisin Cookie Ale,Aftershock Brewing Company,Golden Ale/Blond Ale,5.50 %,72
355,373,0,355,Premium Red Ale,Uehara Shuzou Co. Ltd. / Echigo Beer Pub,American Amber / Red Ale,6.00 %,373,Ranga Premium Red Ale,Southern Bay Brewing Company,Amber Ale,4.50 %,73
1713,549,0,1713,Rabbit Punch Irish Red Ale,Ram Restaurant & Brewery,American Amber / Red Ale,5.70 %,549,300 Suns Rabbit Mountain Red Ale,300 Suns Brewing,Amber Ale,6 %,74
4336,2510,0,4336,Old Blarney Barleywine - Bourbon Barrel Aged,Moylan 's Brewery,American Barleywine,10.00 %,2510,21st Amendment Bourbon Barrel Lower da Boom Barleywine,21st Amendment Brewery,Barley Wine,9.50 %,75
1042,1403,0,1042,Legends Of The Bay Giant 's Tomb,Hockley Valley Brewing Co. .,American Amber / Red Ale,5.00 %,1403,Legends of the Bay Ghosts of Hope Island,Hockley Valley Brewing & Malting Company,Amber Ale,5 %,76
