ltable_id,rtable_id,label,left_id,left_name,left_addr,left_city,left_phone,left_type,left_class,right_id,right_name,right_addr,right_city,right_phone,right_type,right_class,id
92,184,0,92,toulouse,' b peachtree rd. ',atlanta,404/351 -9533,french,92,184,` white house restaurant ',' 3172 peachtree rd. ne ',atlanta,404-237-7601,diners,719,1
405,184,0,405,` luna si ',' 1931 peachtree rd. ',atlanta,404/355 -5993,continental,405,184,` white house restaurant ',' 3172 peachtree rd. ne ',atlanta,404-237-7601,diners,719,2
90,184,0,90,` dining room ritz-carlton buckhead ',' 3434 peachtree rd. ',atlanta,404/237 -2700,international,90,184,` white house restaurant ',' 3172 peachtree rd. ne ',atlanta,404-237-7601,diners,719,3
393,184,0,393,` dante \ 's down the hatch buckhead ',' 3380 peachtree rd. ',atlanta,404/266 -1600,continental,393,184,` white house restaurant ',' 3172 peachtree rd. ne ',atlanta,404-237-7601,diners,719,4
422,184,0,422,tomtom,' 3393 peachtree rd. ',atlanta,404/264 -1163,continental,422,184,` white house restaurant ',' 3172 peachtree rd. ne ',atlanta,404-237-7601,diners,719,5
92,174,0,92,toulouse,' b peachtree rd. ',atlanta,404/351 -9533,french,92,174,` original pancake house ( at ) ',' 4330 peachtree rd. ',atlanta,404-237-4116,american,708,6
405,174,0,405,` luna si ',' 1931 peachtree rd. ',atlanta,404/355 -5993,continental,405,174,` original pancake house ( at ) ',' 4330 peachtree rd. ',atlanta,404-237-4116,american,708,7
90,174,0,90,` dining room ritz-carlton buckhead ',' 3434 peachtree rd. ',atlanta,404/237 -2700,international,90,174,` original pancake house ( at ) ',' 4330 peachtree rd. ',atlanta,404-237-4116,american,708,8
422,174,0,422,tomtom,' 3393 peachtree rd. ',atlanta,404/264 -1163,continental,422,174,` original pancake house ( at ) ',' 4330 peachtree rd. ',atlanta,404-237-4116,american,708,9
410,174,0,410,palisades,' 1829 peachtree rd. ',atlanta,404/350 -6755,continental,410,174,` original pancake house ( at ) ',' 4330 peachtree rd. ',atlanta,404-237-4116,american,708,10
92,292,0,92,toulouse,' b peachtree rd. ',atlanta,404/351 -9533,french,92,292,abruzzi,' 2355 peachtree rd. ne ',atlanta,404-261-8186,italian,74,11
90,292,0,90,` dining room ritz-carlton buckhead ',' 3434 peachtree rd. ',atlanta,404/237 -2700,international,90,292,abruzzi,' 2355 peachtree rd. ne ',atlanta,404-261-8186,italian,74,12
393,292,0,393,` dante \ 's down the hatch buckhead ',' 3380 peachtree rd. ',atlanta,404/266 -1600,continental,393,292,abruzzi,' 2355 peachtree rd. ne ',atlanta,404-261-8186,italian,74,13
410,292,0,410,palisades,' 1829 peachtree rd. ',atlanta,404/350 -6755,continental,410,292,abruzzi,' 2355 peachtree rd. ne ',atlanta,404-261-8186,italian,74,14
92,307,0,92,toulouse,' b peachtree rd. ',atlanta,404/351 -9533,french,92,307,` ritz-carlton cafe ( buckhead ) ',' 3434 peachtree rd. ne ',atlanta,404-237-2700,` american ( new ) ',89,15
405,307,0,405,` luna si ',' 1931 peachtree rd. ',atlanta,404/355 -5993,continental,405,307,` ritz-carlton cafe ( buckhead ) ',' 3434 peachtree rd. ne ',atlanta,404-237-2700,` american ( new ) ',89,16
90,307,0,90,` dining room ritz-carlton buckhead ',' 3434 peachtree rd. ',atlanta,404/237 -2700,international,90,307,` ritz-carlton cafe ( buckhead ) ',' 3434 peachtree rd. ne ',atlanta,404-237-2700,` american ( new ) ',89,17
393,307,0,393,` dante \ 's down the hatch buckhead ',' 3380 peachtree rd. ',atlanta,404/266 -1600,continental,393,307,` ritz-carlton cafe ( buckhead ) ',' 3434 peachtree rd. ne ',atlanta,404-237-2700,` american ( new ) ',89,18
422,307,0,422,tomtom,' 3393 peachtree rd. ',atlanta,404/264 -1163,continental,422,307,` ritz-carlton cafe ( buckhead ) ',' 3434 peachtree rd. ne ',atlanta,404-237-2700,` american ( new ) ',89,19
410,307,0,410,palisades,' 1829 peachtree rd. ',atlanta,404/350 -6755,continental,410,307,` ritz-carlton cafe ( buckhead ) ',' 3434 peachtree rd. ne ',atlanta,404-237-2700,` american ( new ) ',89,20
92,310,1,92,toulouse,' b peachtree rd. ',atlanta,404/351 -9533,french,92,310,toulouse,' 293-b peachtree rd. ',atlanta,404-351-9533,` french ( new ) ',92,21
405,310,0,405,` luna si ',' 1931 peachtree rd. ',atlanta,404/355 -5993,continental,405,310,toulouse,' 293-b peachtree rd. ',atlanta,404-351-9533,` french ( new ) ',92,22
422,310,0,422,tomtom,' 3393 peachtree rd. ',atlanta,404/264 -1163,continental,422,310,toulouse,' 293-b peachtree rd. ',atlanta,404-351-9533,` french ( new ) ',92,23
92,303,0,92,toulouse,' b peachtree rd. ',atlanta,404/351 -9533,french,92,303,` la grotta ',' 2637 peachtree rd. ne ',atlanta,404-231-1368,italian,85,24
405,303,0,405,` luna si ',' 1931 peachtree rd. ',atlanta,404/355 -5993,continental,405,303,` la grotta ',' 2637 peachtree rd. ne ',atlanta,404-231-1368,italian,85,25
90,303,0,90,` dining room ritz-carlton buckhead ',' 3434 peachtree rd. ',atlanta,404/237 -2700,international,90,303,` la grotta ',' 2637 peachtree rd. ne ',atlanta,404-231-1368,italian,85,26
393,303,0,393,` dante \ 's down the hatch buckhead ',' 3380 peachtree rd. ',atlanta,404/266 -1600,continental,393,303,` la grotta ',' 2637 peachtree rd. ne ',atlanta,404-231-1368,italian,85,27
422,303,0,422,tomtom,' 3393 peachtree rd. ',atlanta,404/264 -1163,continental,422,303,` la grotta ',' 2637 peachtree rd. ne ',atlanta,404-231-1368,italian,85,28
85,303,1,85,` la grotta ',' 2637 peachtree rd. . peachtree house condominium ',atlanta,404/231 -1368,italian,85,303,` la grotta ',' 2637 peachtree rd. ne ',atlanta,404-231-1368,italian,85,29
92,172,0,92,toulouse,' b peachtree rd. ',atlanta,404/351 -9533,french,92,172,nava,' 3060 peachtree rd. ',atlanta,404-240-1984,southwestern,706,30
90,172,0,90,` dining room ritz-carlton buckhead ',' 3434 peachtree rd. ',atlanta,404/237 -2700,international,90,172,nava,' 3060 peachtree rd. ',atlanta,404-240-1984,southwestern,706,31
422,172,0,422,tomtom,' 3393 peachtree rd. ',atlanta,404/264 -1163,continental,422,172,nava,' 3060 peachtree rd. ',atlanta,404-240-1984,southwestern,706,32
410,172,0,410,palisades,' 1829 peachtree rd. ',atlanta,404/350 -6755,continental,410,172,nava,' 3060 peachtree rd. ',atlanta,404-240-1984,southwestern,706,33
92,175,0,92,toulouse,' b peachtree rd. ',atlanta,404/351 -9533,french,92,175,` palm the ( atlanta ) ',' 3391 peachtree rd. ne ',atlanta,404-814-1955,steakhouses,709,34
405,175,0,405,` luna si ',' 1931 peachtree rd. ',atlanta,404/355 -5993,continental,405,175,` palm the ( atlanta ) ',' 3391 peachtree rd. ne ',atlanta,404-814-1955,steakhouses,709,35
90,175,0,90,` dining room ritz-carlton buckhead ',' 3434 peachtree rd. ',atlanta,404/237 -2700,international,90,175,` palm the ( atlanta ) ',' 3391 peachtree rd. ne ',atlanta,404-814-1955,steakhouses,709,36
422,175,0,422,tomtom,' 3393 peachtree rd. ',atlanta,404/264 -1163,continental,422,175,` palm the ( atlanta ) ',' 3391 peachtree rd. ne ',atlanta,404-814-1955,steakhouses,709,37
410,175,0,410,palisades,' 1829 peachtree rd. ',atlanta,404/350 -6755,continental,410,175,` palm the ( atlanta ) ',' 3391 peachtree rd. ne ',atlanta,404-814-1955,steakhouses,709,38
405,148,0,405,` luna si ',' 1931 peachtree rd. ',atlanta,404/355 -5993,continental,405,148,` brookhaven cafe ',' 4274 peachtree rd. ',atlanta,404-231-5907,vegetarian,682,39
393,148,0,393,` dante \ 's down the hatch buckhead ',' 3380 peachtree rd. ',atlanta,404/266 -1600,continental,393,148,` brookhaven cafe ',' 4274 peachtree rd. ',atlanta,404-231-5907,vegetarian,682,40
410,148,0,410,palisades,' 1829 peachtree rd. ',atlanta,404/350 -6755,continental,410,148,` brookhaven cafe ',' 4274 peachtree rd. ',atlanta,404-231-5907,vegetarian,682,41
405,309,0,405,` luna si ',' 1931 peachtree rd. ',atlanta,404/355 -5993,continental,405,309,` ritz-carlton restaurant ',' 181 peachtree st. ',atlanta,404-659-0400,` french ( classic ) ',91,42
110,309,0,110,` ritz-carlton restaurant and dining room ',' 600 stockton st. ',` san francisco ',415/296 -7465,american,110,309,` ritz-carlton restaurant ',' 181 peachtree st. ',atlanta,404-659-0400,` french ( classic ) ',91,43
421,309,0,421,` taste of new orleans ',' 889 w. peachtree st. ',atlanta,404/874 -5535,southern,421,309,` ritz-carlton restaurant ',' 181 peachtree st. ',atlanta,404-659-0400,` french ( classic ) ',91,44
386,309,0,386,bistango,' 1100 peachtree st. ',atlanta,404/724 -0901,mediterranean,386,309,` ritz-carlton restaurant ',' 181 peachtree st. ',atlanta,404-659-0400,` french ( classic ) ',91,45
396,309,0,396,` french quarter food shop ',' 923 peachtree st. at 8th st. ',atlanta,404/875 -2489,southern,396,309,` ritz-carlton restaurant ',' 181 peachtree st. ',atlanta,404-659-0400,` french ( classic ) ',91,46
90,299,0,90,` dining room ritz-carlton buckhead ',' 3434 peachtree rd. ',atlanta,404/237 -2700,international,90,299,` georgia grille ',' 2290 peachtree rd. ',atlanta,404-352-3517,southwestern,81,47
422,299,0,422,tomtom,' 3393 peachtree rd. ',atlanta,404/264 -1163,continental,422,299,` georgia grille ',' 2290 peachtree rd. ',atlanta,404-352-3517,southwestern,81,48
81,299,1,81,` georgia grille ',' 2290 peachtree rd. . peachtree square shopping center ',atlanta,404/352 -3517,american,81,299,` georgia grille ',' 2290 peachtree rd. ',atlanta,404-352-3517,southwestern,81,49
393,295,0,393,` dante \ 's down the hatch buckhead ',' 3380 peachtree rd. ',atlanta,404/266 -1600,continental,393,295,` brasserie le coze ',' 3393 peachtree rd. ',atlanta,404-266-1440,` french bistro ',77,50
77,295,1,77,` brasserie le coze ',' 3393 peachtree rd. . lenox square mall near neiman marcus ',atlanta,404/266 -1440,french,77,295,` brasserie le coze ',' 3393 peachtree rd. ',atlanta,404-266-1440,` french bistro ',77,51
410,330,0,410,palisades,' 1829 peachtree rd. ',atlanta,404/350 -6755,continental,410,330,` ritz-carlton cafe ( atlanta ) ',' 181 peachtree st. ',atlanta,404-659-0400,` american ( new ) ',711,52
421,330,0,421,` taste of new orleans ',' 889 w. peachtree st. ',atlanta,404/874 -5535,southern,421,330,` ritz-carlton cafe ( atlanta ) ',' 181 peachtree st. ',atlanta,404-659-0400,` american ( new ) ',711,53
396,330,0,396,` french quarter food shop ',' 923 peachtree st. at 8th st. ',atlanta,404/875 -2489,southern,396,330,` ritz-carlton cafe ( atlanta ) ',' 181 peachtree st. ',atlanta,404-659-0400,` american ( new ) ',711,54
91,330,0,91,` restaurant ritz-carlton atlanta ',' 181 peachtree st. ',atlanta,404/659 -0400,continental,91,330,` ritz-carlton cafe ( atlanta ) ',' 181 peachtree st. ',atlanta,404-659-0400,` american ( new ) ',711,55
256,89,0,256,` gallagher \ 's ',' 228 w. 52nd st. ',` new york ',212/245 -5336,american,254,89,` la grenouille ',' 3 e. 52nd st. ',` new york city ',212-752-1495,` french ( classic ) ',623,56
247,89,0,247,` fleur de jour ',' 348 e. 62nd st. ',` new york ',212/355 -2020,` coffee bar ',245,89,` la grenouille ',' 3 e. 52nd st. ',` new york city ',212-752-1495,` french ( classic ) ',623,57
112,89,0,112,bolo,'23 e. 22nd st. ',` new york ',212/228 -2200,mediterranean,191,89,` la grenouille ',' 3 e. 52nd st. ',` new york city ',212-752-1495,` french ( classic ) ',623,58
23,89,0,23,'21 club ','21 w. 52nd st. ',` new york ',212/582 -7200,american,23,89,` la grenouille ',' 3 e. 52nd st. ',` new york city ',212-752-1495,` french ( classic ) ',623,59
34,89,0,34,` four seasons grill room ','99 e. 52nd st. ',` new york ',212/754 -9494,american,34,89,` la grenouille ',' 3 e. 52nd st. ',` new york city ',212-752-1495,` french ( classic ) ',623,60
235,89,0,235,'em pire korea ',' 6 e. 32nd st. ',` new york ',212/725 -1333,asian,233,89,` la grenouille ',' 3 e. 52nd st. ',` new york city ',212-752-1495,` french ( classic ) ',623,61
256,77,0,256,` gallagher \ 's ',' 228 w. 52nd st. ',` new york ',212/245 -5336,american,254,77,` edison cafe ',' 228 w. 47th st. ',` new york city ',212-840-5000,diners,611,62
263,77,0,263,` hard rock cafe ',' 221 w. 57th st. ',` new york ',212/489 -6565,american,261,77,` edison cafe ',' 228 w. 47th st. ',` new york city ',212-840-5000,diners,611,63
368,77,0,368,` two two two ',' 222 w. 79th st. ',` new york ',212/799 -0400,american,368,77,` edison cafe ',' 228 w. 47th st. ',` new york city ',212-840-5000,diners,611,64
256,241,0,256,` gallagher \ 's ',' 228 w. 52nd st. ',` new york ',212/245 -5336,american,254,241,'21 club ','21 w. 52nd st. ',` new york city ',212-582-7200,` american ( new ) ',23,65
23,241,1,23,'21 club ','21 w. 52nd st. ',` new york ',212/582 -7200,american,23,241,'21 club ','21 w. 52nd st. ',` new york city ',212-582-7200,` american ( new ) ',23,66
34,241,0,34,` four seasons grill room ','99 e. 52nd st. ',` new york ',212/754 -9494,american,34,241,'21 club ','21 w. 52nd st. ',` new york city ',212-582-7200,` american ( new ) ',23,67
371,241,0,371,` victor \ 's cafe ','52 236 w. 52nd st. ',` new york ',212/586 -7714,` latin american ',371,241,'21 club ','21 w. 52nd st. ',` new york city ',212-582-7200,` american ( new ) ',23,68
277,241,0,277,` judson grill ',' 152 w. 52nd st. ',` new york ',212/582 -5252,american,276,241,'21 club ','21 w. 52nd st. ',` new york city ',212-582-7200,` american ( new ) ',23,69
247,318,0,247,` fleur de jour ',' 348 e. 62nd st. ',` new york ',212/355 -2020,` coffee bar ',245,318,` fleur de lys ',' 777 sutter st. ',` san francisco ',415-673-7779,` french ( new ) ',100,70
469,318,0,469,faz,' 161 sutter st. ',` san francisco ',415/362 -0404,` greek and middle eastern ',469,318,` fleur de lys ',' 777 sutter st. ',` san francisco ',415-673-7779,` french ( new ) ',100,71
247,69,0,247,` fleur de jour ',' 348 e. 62nd st. ',` new york ',212/355 -2020,` coffee bar ',245,69,arcadia,'21 e. 62nd st. ',` new york city ',212-223-2900,` american ( new ) ',603,72
112,69,0,112,bolo,'23 e. 22nd st. ',` new york ',212/228 -2200,mediterranean,191,69,arcadia,'21 e. 62nd st. ',` new york city ',212-223-2900,` american ( new ) ',603,73
23,69,0,23,'21 club ','21 w. 52nd st. ',` new york ',212/582 -7200,american,23,69,arcadia,'21 e. 62nd st. ',` new york city ',212-223-2900,` american ( new ) ',603,74
65,69,0,65,` union square cafe ','21 e. 16th st. ',` new york ',212/243 -4020,american,65,69,arcadia,'21 e. 62nd st. ',` new york city ',212-223-2900,` american ( new ) ',603,75
436,223,0,436,` center stage plaza hotel ',' 1 main st. ',` las vegas ',702/386 -2512,american,436,223,` chinois on main ',' 2709 main st. ',` santa monica ',310-392-9025,` pacific new wave ',5,76
138,223,0,138,` gilliland \ 's ',' 2424 main st. ',` santa monica ',310/392 -3901,american,135,223,` chinois on main ',' 2709 main st. ',` santa monica ',310-392-9025,` pacific new wave ',5,77
415,161,0,415,` sa tsu ki ',' 3043 buford hwy . ',atlanta,404/325 -5285,asian,415,161,` havana sandwich shop ',' 2905 buford hwy . ',atlanta,404-636-4094,cuban,695,78
18,46,0,18,` pinot bistro ',' 12969 ventura blvd. ',` los angeles ',818/990 -0500,french,18,46,` mulberry st. ',' 17040 ventura blvd. ',encino,818-906-8881,pizza,580,79
1,46,0,1,` art \ 's delicatessen ',' 12224 ventura blvd. ',` studio city ',818/762 -1221,american,1,46,` mulberry st. ',' 17040 ventura blvd. ',encino,818-906-8881,pizza,580,80
18,56,0,18,` pinot bistro ',' 12969 ventura blvd. ',` los angeles ',818/990 -0500,french,18,56,` rubin \ 's red hots ',' 15322 ventura blvd. ',encino,818-905-6515,` hot dogs ',590,81
159,56,0,159,posto,' 14928 ventura blvd. ',` sherman oaks ',818/784 -4400,italian,156,56,` rubin \ 's red hots ',' 15322 ventura blvd. ',encino,818-905-6515,` hot dogs ',590,82
18,61,0,18,` pinot bistro ',' 12969 ventura blvd. ',` los angeles ',818/990 -0500,french,18,61,` sushi nozawa ',' 11288 ventura blvd. ',` studio city ',818-508-7017,japanese,595,83
159,61,0,159,posto,' 14928 ventura blvd. ',` sherman oaks ',818/784 -4400,italian,156,61,` sushi nozawa ',' 11288 ventura blvd. ',` studio city ',818-508-7017,japanese,595,84
3,61,0,3,` cafe bizou ',' 14016 ventura blvd. ',` sherman oaks ',818/788 -3536,french,3,61,` sushi nozawa ',' 11288 ventura blvd. ',` studio city ',818-508-7017,japanese,595,85
18,221,0,18,` pinot bistro ',' 12969 ventura blvd. ',` los angeles ',818/990 -0500,french,18,221,` cafe bizou ',' 14016 ventura blvd. ',` sherman oaks ',818-788-3536,` french bistro ',3,86
1,221,0,1,` art \ 's delicatessen ',' 12224 ventura blvd. ',` studio city ',818/762 -1221,american,1,221,` cafe bizou ',' 14016 ventura blvd. ',` sherman oaks ',818-788-3536,` french bistro ',3,87
159,221,0,159,posto,' 14928 ventura blvd. ',` sherman oaks ',818/784 -4400,italian,156,221,` cafe bizou ',' 14016 ventura blvd. ',` sherman oaks ',818-788-3536,` french bistro ',3,88
3,221,1,3,` cafe bizou ',' 14016 ventura blvd. ',` sherman oaks ',818/788 -3536,french,3,221,` cafe bizou ',' 14016 ventura blvd. ',` sherman oaks ',818-788-3536,` french bistro ',3,89
1,219,1,1,` art \ 's delicatessen ',' 12224 ventura blvd. ',` studio city ',818/762 -1221,american,1,219,` art \ 's deli ',' 12224 ventura blvd. ',` studio city ',818-762-1221,delis,1,90
159,219,0,159,posto,' 14928 ventura blvd. ',` sherman oaks ',818/784 -4400,italian,156,219,` art \ 's deli ',' 12224 ventura blvd. ',` studio city ',818-762-1221,delis,1,91
3,219,0,3,` cafe bizou ',' 14016 ventura blvd. ',` sherman oaks ',818/788 -3536,french,3,219,` art \ 's deli ',' 12224 ventura blvd. ',` studio city ',818-762-1221,delis,1,92
1,236,0,1,` art \ 's delicatessen ',' 12224 ventura blvd. ',` studio city ',818/762 -1221,american,1,236,` pinot bistro ',' 12969 ventura blvd. ',` studio city ',818-990-0500,` french bistro ',18,93
159,236,0,159,posto,' 14928 ventura blvd. ',` sherman oaks ',818/784 -4400,italian,156,236,` pinot bistro ',' 12969 ventura blvd. ',` studio city ',818-990-0500,` french bistro ',18,94
221,277,0,221,` china grill ','60 w. 53rd st. ',` new york ',212/333 -7788,american,219,277,seryna,'11 e. 53rd st. ',` new york city ',212-980-9393,japanese,59,95
59,277,1,59,seryna,'11 e. 53rd st. ',` new york ',212/980 -9393,asian,59,277,seryna,'11 e. 53rd st. ',` new york city ',212-980-9393,japanese,59,96
113,277,0,113,` il nido ',' 251 e. 53rd st. ',` new york ',212/753 -8450,italian,267,277,seryna,'11 e. 53rd st. ',` new york city ',212-980-9393,japanese,59,97
221,258,0,221,` china grill ','60 w. 53rd st. ',` new york ',212/333 -7788,american,219,258,` la cote basque ','60 w. 55th st. ',` new york city ',212-688-6525,` french ( classic ) ',40,98
43,258,0,43,lespinasse,' 2 e. 55th st. ',` new york ',212/339 -6719,american,43,258,` la cote basque ','60 w. 55th st. ',` new york city ',212-688-6525,` french ( classic ) ',40,99
356,258,0,356,` tang pavillion ','65 w. 55th st. ',` new york ',212/956 -6888,asian,356,258,` la cote basque ','60 w. 55th st. ',` new york city ',212-688-6525,` french ( classic ) ',40,100
40,258,1,40,` la cote basque ','60 w. 55th st. between 5th and 6th ave. ',` new york ',212/688 -6525,french,40,258,` la cote basque ','60 w. 55th st. ',` new york city ',212-688-6525,` french ( classic ) ',40,101
43,257,0,43,lespinasse,' 2 e. 55th st. ',` new york ',212/339 -6719,american,43,257,` la caravelle ','33 w. 55th st. ',` new york city ',212-586-4252,` french ( classic ) ',39,102
43,251,0,43,lespinasse,' 2 e. 55th st. ',` new york ',212/339 -6719,american,43,251,felidia,' 243 e. 58th st. ',` new york city ',212-758-1479,italian,33,103
52,251,0,52,petrossian,' 182 w. 58th st. ',` new york ',212/245 -2214,french,52,251,felidia,' 243 e. 58th st. ',` new york city ',212-758-1479,italian,33,104
33,251,1,33,felidia,' 243 e. 58th st. ',` new york ',212/758 -1479,italian,33,251,felidia,' 243 e. 58th st. ',` new york city ',212-758-1479,italian,33,105
43,278,0,43,lespinasse,' 2 e. 55th st. ',` new york ',212/339 -6719,american,43,278,` shun lee palace ',' 155 e. 55th st. ',` new york city ',212-371-8844,chinese,60,106
46,278,0,46,march,' 405 e. 58th st. ',` new york ',212/754 -6272,american,46,278,` shun lee palace ',' 155 e. 55th st. ',` new york city ',212-371-8844,chinese,60,107
286,278,0,286,` le chantilly ',' 106 e. 57th st. ',` new york ',212/751 -2931,french,285,278,` shun lee palace ',' 155 e. 55th st. ',` new york city ',212-371-8844,chinese,60,108
287,278,0,287,` le colonial ',' 149 e. 57th st. ',` new york ',' 212 / 752-0808 ',asian,286,278,` shun lee palace ',' 155 e. 55th st. ',` new york city ',212-371-8844,chinese,60,109
43,261,1,43,lespinasse,' 2 e. 55th st. ',` new york ',212/339 -6719,american,43,261,` lespinasse ( new york city ) ',' 2 e. 55th st. ',` new york city ',212-339-6719,asian,43,110
33,261,0,33,felidia,' 243 e. 58th st. ',` new york ',212/758 -1479,italian,33,261,` lespinasse ( new york city ) ',' 2 e. 55th st. ',` new york city ',212-339-6719,asian,43,111
44,261,0,44,lutece,' 249 e. 50th st. ',` new york ',212/752 -2225,french,44,261,` lespinasse ( new york city ) ',' 2 e. 55th st. ',` new york city ',212-339-6719,asian,43,112
205,261,0,205,` cafe pierre ',' 2 e. 61st st. ',` new york ',212/940 -8185,french,203,261,` lespinasse ( new york city ) ',' 2 e. 55th st. ',` new york city ',212-339-6719,asian,43,113
43,262,0,43,lespinasse,' 2 e. 55th st. ',` new york ',212/339 -6719,american,43,262,lutece,' 249 e. 50th st. ',` new york city ',212-752-2225,` french ( classic ) ',44,114
33,262,0,33,felidia,' 243 e. 58th st. ',` new york ',212/758 -1479,italian,33,262,lutece,' 249 e. 50th st. ',` new york city ',212-752-2225,` french ( classic ) ',44,115
287,262,0,287,` le colonial ',' 149 e. 57th st. ',` new york ',' 212 / 752-0808 ',asian,286,262,lutece,' 249 e. 50th st. ',` new york city ',212-752-2225,` french ( classic ) ',44,116
44,262,1,44,lutece,' 249 e. 50th st. ',` new york ',212/752 -2225,french,44,262,lutece,' 249 e. 50th st. ',` new york city ',212-752-2225,` french ( classic ) ',44,117
197,262,0,197,bruno,' 240 e. 58th st. ',` new york ',212/688 -4190,italian,195,262,lutece,' 249 e. 50th st. ',` new york city ',212-752-2225,` french ( classic ) ',44,118
32,262,0,32,dawat,' 210 e. 58th st. ',` new york ',212/355 -7555,asian,32,262,lutece,' 249 e. 50th st. ',` new york city ',212-752-2225,` french ( classic ) ',44,119
373,262,0,373,vong,' 200 e. 54th st. ',` new york ',212/486 -9592,american,373,262,lutece,' 249 e. 50th st. ',` new york city ',212-752-2225,` french ( classic ) ',44,120
374,262,0,374,` water club ',' 500 e. 30th st. ',` new york ',212/683 -3333,american,374,262,lutece,' 249 e. 50th st. ',` new york city ',212-752-2225,` french ( classic ) ',44,121
43,250,0,43,lespinasse,' 2 e. 55th st. ',` new york ',212/339 -6719,american,43,250,dawat,' 210 e. 58th st. ',` new york city ',212-355-7555,indian,32,122
52,250,0,52,petrossian,' 182 w. 58th st. ',` new york ',212/245 -2214,french,52,250,dawat,' 210 e. 58th st. ',` new york city ',212-355-7555,indian,32,123
32,250,1,32,dawat,' 210 e. 58th st. ',` new york ',212/355 -7555,asian,32,250,dawat,' 210 e. 58th st. ',` new york city ',212-355-7555,indian,32,124
373,250,0,373,vong,' 200 e. 54th st. ',` new york ',212/486 -9592,american,373,250,dawat,' 210 e. 58th st. ',` new york city ',212-355-7555,indian,32,125
220,250,0,220,chiam,' 160 e. 48th st. ',` new york ',212/371 -2323,asian,218,250,dawat,' 210 e. 58th st. ',` new york city ',212-355-7555,indian,32,126
356,93,0,356,` tang pavillion ','65 w. 55th st. ',` new york ',212/956 -6888,asian,356,93,menchanko-tei,'39 w. 55th st. ',` new york city ',212-247-1585,japanese,627,127
39,93,0,39,` la caravelle ','33 w. 55th st. ',` new york ',212/586 -4252,french,39,93,menchanko-tei,'39 w. 55th st. ',` new york city ',212-247-1585,japanese,627,128
52,260,0,52,petrossian,' 182 w. 58th st. ',` new york ',212/245 -2214,french,52,260,` les celebrites ',' 155 w. 58th st. ',` new york city ',212-484-5113,` french ( classic ) ',42,129
197,260,0,197,bruno,' 240 e. 58th st. ',` new york ',212/688 -4190,italian,195,260,` les celebrites ',' 155 w. 58th st. ',` new york city ',212-484-5113,` french ( classic ) ',42,130
291,260,0,291,` le marais ',' 150 w. 46th st. ',` new york ',212/869 -0900,american,290,260,` les celebrites ',' 155 w. 58th st. ',` new york city ',212-484-5113,` french ( classic ) ',42,131
66,260,0,66,` virgil \ 's ',' 152 w. 44th st. ',` new york ',' 212 / 921-9494 ',american,66,260,` les celebrites ',' 155 w. 58th st. ',` new york city ',212-484-5113,` french ( classic ) ',42,132
45,260,0,45,` manhattan ocean club ','57 w. 58th st. ',` new york ',' 212 / 371-7777 ',seafood,45,260,` les celebrites ',' 155 w. 58th st. ',` new york city ',212-484-5113,` french ( classic ) ',42,133
329,260,0,329,` planet hollywood ',' 140 w. 57th st. ',` new york ',212/333 -7827,american,328,260,` les celebrites ',' 155 w. 58th st. ',` new york city ',212-484-5113,` french ( classic ) ',42,134
290,260,0,290,` le madri ',' 168 w. 18th st. ',` new york ',212/727 -8022,italian,289,260,` les celebrites ',' 155 w. 58th st. ',` new york city ',212-484-5113,` french ( classic ) ',42,135
52,264,0,52,petrossian,' 182 w. 58th st. ',` new york ',212/245 -2214,french,52,264,march,' 405 e. 58th st. ',` new york city ',212-754-6272,` american ( new ) ',46,136
33,264,0,33,felidia,' 243 e. 58th st. ',` new york ',212/758 -1479,italian,33,264,march,' 405 e. 58th st. ',` new york city ',212-754-6272,` american ( new ) ',46,137
46,264,1,46,march,' 405 e. 58th st. ',` new york ',212/754 -6272,american,46,264,march,' 405 e. 58th st. ',` new york city ',212-754-6272,` american ( new ) ',46,138
197,264,0,197,bruno,' 240 e. 58th st. ',` new york ',212/688 -4190,italian,195,264,march,' 405 e. 58th st. ',` new york city ',212-754-6272,` american ( new ) ',46,139
292,264,0,292,` le perigord ',' 405 e. 52nd st. ',` new york ',212/755 -6244,french,291,264,march,' 405 e. 58th st. ',` new york city ',212-754-6272,` american ( new ) ',46,140
326,264,0,326,` pen & pencil ',' 205 e. 45th st. ',` new york ',212/682 -8660,american,325,264,march,' 405 e. 58th st. ',` new york city ',212-754-6272,` american ( new ) ',46,141
52,270,1,52,petrossian,' 182 w. 58th st. ',` new york ',212/245 -2214,french,52,270,petrossian,' 182 w. 58th st. ',` new york city ',212-245-2214,russian,52,142
33,270,0,33,felidia,' 243 e. 58th st. ',` new york ',212/758 -1479,italian,33,270,petrossian,' 182 w. 58th st. ',` new york city ',212-245-2214,russian,52,143
46,270,0,46,march,' 405 e. 58th st. ',` new york ',212/754 -6272,american,46,270,petrossian,' 182 w. 58th st. ',` new york city ',212-245-2214,russian,52,144
32,270,0,32,dawat,' 210 e. 58th st. ',` new york ',212/355 -7555,asian,32,270,petrossian,' 182 w. 58th st. ',` new york city ',212-245-2214,russian,52,145
273,270,0,273,` jean lafitte ','68 w. 58th st. ',` new york ',212/751 -2323,french,272,270,petrossian,' 182 w. 58th st. ',` new york city ',212-245-2214,russian,52,146
66,270,0,66,` virgil \ 's ',' 152 w. 44th st. ',` new york ',' 212 / 921-9494 ',american,66,270,petrossian,' 182 w. 58th st. ',` new york city ',212-245-2214,russian,52,147
45,270,0,45,` manhattan ocean club ','57 w. 58th st. ',` new york ',' 212 / 371-7777 ',seafood,45,270,petrossian,' 182 w. 58th st. ',` new york city ',212-245-2214,russian,52,148
329,270,0,329,` planet hollywood ',' 140 w. 57th st. ',` new york ',212/333 -7827,american,328,270,petrossian,' 182 w. 58th st. ',` new york city ',212-245-2214,russian,52,149
230,270,0,230,` dix et sept ',' 181 w. 10th st. ',` new york ',212/645 -8023,french,228,270,petrossian,' 182 w. 58th st. ',` new york city ',212-245-2214,russian,52,150
318,270,0,318,` osteria al droge ',' 142 w. 44th st. ',` new york ',212/944 -3643,italian,317,270,petrossian,' 182 w. 58th st. ',` new york city ',212-245-2214,russian,52,151
52,284,0,52,petrossian,' 182 w. 58th st. ',` new york ',212/245 -2214,french,52,284,` virgil \ 's real bbq ',' 152 w. 44th st. ',` new york city ',212-921-9494,bbq,66,152
291,284,0,291,` le marais ',' 150 w. 46th st. ',` new york ',212/869 -0900,american,290,284,` virgil \ 's real bbq ',' 152 w. 44th st. ',` new york city ',212-921-9494,bbq,66,153
317,284,0,317,orso,' 322 w. 46th st. ',` new york ',212/489 -7212,italian,316,284,` virgil \ 's real bbq ',' 152 w. 44th st. ',` new york city ',212-921-9494,bbq,66,154
37,284,0,37,` island spice ',' 402 w. 44th st. ',` new york ',212/765 -1737,` tel caribbean ',37,284,` virgil \ 's real bbq ',' 152 w. 44th st. ',` new york city ',212-921-9494,bbq,66,155
274,284,0,274,` jewel of india ','15 w. 44th st. ',` new york ',212/869 -5544,asian,273,284,` virgil \ 's real bbq ',' 152 w. 44th st. ',` new york city ',212-921-9494,bbq,66,156
46,119,0,46,march,' 405 e. 58th st. ',` new york ',212/754 -6272,american,46,119,` wollensky \ 's grill ',' 205 e. 49th st. ',` new york city ',212-753-0444,steakhouses,653,157
373,119,0,373,vong,' 200 e. 54th st. ',` new york ',212/486 -9592,american,373,119,` wollensky \ 's grill ',' 205 e. 49th st. ',` new york city ',212-753-0444,steakhouses,653,158
326,119,0,326,` pen & pencil ',' 205 e. 45th st. ',` new york ',212/682 -8660,american,325,119,` wollensky \ 's grill ',' 205 e. 49th st. ',` new york city ',212-753-0444,steakhouses,653,159
282,119,0,282,` la reserve ',' 4 w. 49th st. ',` new york ',212/247 -2993,french,281,119,` wollensky \ 's grill ',' 205 e. 49th st. ',` new york city ',212-753-0444,steakhouses,653,160
286,120,0,286,` le chantilly ',' 106 e. 57th st. ',` new york ',212/751 -2931,french,285,120,yama,' 122 e. 17th st. ',` new york city ',212-475-0969,japanese,654,161
181,120,0,181,` alley \ 's end ',' 311 w. 17th st. ',` new york ',212/627 -8899,american,178,120,yama,' 122 e. 17th st. ',` new york city ',212-475-0969,japanese,654,162
35,120,0,35,` gotham bar & grill ','12 e. 12th st. ',` new york ',212/620 -4020,american,35,120,yama,' 122 e. 17th st. ',` new york city ',212-475-0969,japanese,654,163
205,187,0,205,` cafe pierre ',' 2 e. 61st st. ',` new york ',212/940 -8185,french,203,187,` cafe flore ',' 2298 market st. ',` san francisco ',415-621-8579,californian,722,164
207,187,0,207,` cafe fes ',' 246 w. 4th st. at charles st. ',` new york ',212/924 -7653,mediterranean,205,187,` cafe flore ',' 2298 market st. ',` san francisco ',415-621-8579,californian,722,165
532,187,0,532,` zuni cafe & grill ',' 1658 market st. ',` san francisco ',415/552 -2522,mediterranean,532,187,` cafe flore ',' 2298 market st. ',` san francisco ',415-621-8579,californian,722,166
453,187,0,453,2223,' 2223 market st. ',` san francisco ',415/431 -0692,american,453,187,` cafe flore ',' 2298 market st. ',` san francisco ',415-621-8579,californian,722,167
465,187,0,465,carta,' 1772 market st. ',` san francisco ',415/863 -3516,american,465,187,` cafe flore ',' 2298 market st. ',` san francisco ',415-621-8579,californian,722,168
205,243,0,205,` cafe pierre ',' 2 e. 61st st. ',` new york ',212/940 -8185,french,203,243,aureole,'34 e. 61st st. ',` new york city ',212-319-1660,` american ( new ) ',25,169
197,107,0,197,bruno,' 240 e. 58th st. ',` new york ',212/688 -4190,italian,195,107,` sparks steak house ',' 210 e. 46th st. ',` new york city ',212-687-4855,steakhouses,641,170
32,107,0,32,dawat,' 210 e. 58th st. ',` new york ',212/355 -7555,asian,32,107,` sparks steak house ',' 210 e. 46th st. ',` new york city ',212-687-4855,steakhouses,641,171
373,107,0,373,vong,' 200 e. 54th st. ',` new york ',212/486 -9592,american,373,107,` sparks steak house ',' 210 e. 46th st. ',` new york city ',212-687-4855,steakhouses,641,172
291,107,0,291,` le marais ',' 150 w. 46th st. ',` new york ',212/869 -0900,american,290,107,` sparks steak house ',' 210 e. 46th st. ',` new york city ',212-687-4855,steakhouses,641,173
62,107,0,62,` smith & wollensky ',' 201 e. 49th st. ',` new york ',212/753 -1530,american,62,107,` sparks steak house ',' 210 e. 46th st. ',` new york city ',212-687-4855,steakhouses,641,174
317,107,0,317,orso,' 322 w. 46th st. ',` new york ',212/489 -7212,italian,316,107,` sparks steak house ',' 210 e. 46th st. ',` new york city ',212-687-4855,steakhouses,641,175
373,268,0,373,vong,' 200 e. 54th st. ',` new york ',212/486 -9592,american,373,268,oceana,'55 e. 54th st. ',` new york city ',212-759-5941,seafood,50,176
24,268,0,24,aquavit,'13 w. 54th st. ',` new york ',212/307 -7311,continental,24,268,oceana,'55 e. 54th st. ',` new york city ',212-759-5941,seafood,50,177
241,268,0,241,` fifty seven fifty seven ','57 e. 57th st. ',` new york ',212/758 -5757,american,239,268,oceana,'55 e. 54th st. ',` new york city ',212-759-5941,seafood,50,178
50,268,1,50,oceana,'55 e. 54th st. ',` new york ',212/759 -5941,seafood,50,268,oceana,'55 e. 54th st. ',` new york city ',212-759-5941,seafood,50,179
342,268,0,342,` san pietro ','18 e. 54th st. ',` new york ',212/753 -9015,italian,342,268,oceana,'55 e. 54th st. ',` new york city ',212-759-5941,seafood,50,180
309,268,0,309,` monkey bar ','60 e. 54th st. ',` new york ',212/838 -2600,american,308,268,oceana,'55 e. 54th st. ',` new york city ',212-759-5941,seafood,50,181
373,289,0,373,vong,' 200 e. 54th st. ',` new york ',212/486 -9592,american,373,289,` second street grill ',' 200 e. fremont st. ',` las vegas ',702-385-6277,` pacific rim ',71,182
428,289,0,428,` binion \ 's coffee shop ',' 128 fremont st. ',` las vegas ',702/382 -1600,` coffee shops/diners ',428,289,` second street grill ',' 200 e. fremont st. ',` las vegas ',702-385-6277,` pacific rim ',71,183
440,289,0,440,` golden nugget hotel ',' 129 e. fremont st. ',` las vegas ',702/385 -7111,buffets,440,289,` second street grill ',' 200 e. fremont st. ',` las vegas ',702-385-6277,` pacific rim ',71,184
373,256,0,373,vong,' 200 e. 54th st. ',` new york ',212/486 -9592,american,373,256,` jo jo ',' 160 e. 64th st. ',` new york city ',212-223-5656,` french bistro ',38,185
39,242,0,39,` la caravelle ','33 w. 55th st. ',` new york ',212/586 -4252,french,39,242,aquavit,'13 w. 54th st. ',` new york city ',212-307-7311,scandinavian,24,186
24,242,1,24,aquavit,'13 w. 54th st. ',` new york ',212/307 -7311,continental,24,242,aquavit,'13 w. 54th st. ',` new york city ',212-307-7311,scandinavian,24,187
309,242,0,309,` monkey bar ','60 e. 54th st. ',` new york ',212/838 -2600,american,308,242,aquavit,'13 w. 54th st. ',` new york city ',212-307-7311,scandinavian,24,188
241,263,0,241,` fifty seven fifty seven ','57 e. 57th st. ',` new york ',212/758 -5757,american,239,263,` manhattan ocean club ','57 w. 58th st. ',` new york city ',212-371-7777,seafood,45,189
273,263,0,273,` jean lafitte ','68 w. 58th st. ',` new york ',212/751 -2323,french,272,263,` manhattan ocean club ','57 w. 58th st. ',` new york city ',212-371-7777,seafood,45,190
301,263,0,301,` manhattan cafe ',' 1161 1st ave. between 63rd and 64th sts . ',` new york ',212/888 -6556,american,300,263,` manhattan ocean club ','57 w. 58th st. ',` new york city ',212-371-7777,seafood,45,191
349,263,0,349,shaan,'57 w. 48th st. ',` new york ',' 212 / 977-8400 ',asian,349,263,` manhattan ocean club ','57 w. 58th st. ',` new york city ',212-371-7777,seafood,45,192
379,156,0,379,abbey,' 163 ponce de leon ave. ',atlanta,404/876 -8532,international,379,156,eats,' 600 ponce de leon ave. ',atlanta,404-888-9149,italian,690,193
379,181,0,379,abbey,' 163 ponce de leon ave. ',atlanta,404/876 -8532,international,379,181,tortillas,' 774 ponce de leon ave. ne ',atlanta,404-892-0193,tex-mex,716,194
86,181,0,86,` mary mac \ 's tea room ',' 224 ponce de leon ave. ',atlanta,404/876 -1800,southern,86,181,tortillas,' 774 ponce de leon ave. ne ',atlanta,404-892-0193,tex-mex,716,195
379,169,0,379,abbey,' 163 ponce de leon ave. ',atlanta,404/876 -8532,international,379,169,majestic,' 1031 ponce de leon ave. ',atlanta,404-875-0276,diners,703,196
86,169,0,86,` mary mac \ 's tea room ',' 224 ponce de leon ave. ',atlanta,404/876 -1800,southern,86,169,majestic,' 1031 ponce de leon ave. ',atlanta,404-875-0276,diners,703,197
86,164,0,86,` mary mac \ 's tea room ',' 224 ponce de leon ave. ',atlanta,404/876 -1800,southern,86,164,` java jive ',' 790 ponce de leon ave. ',atlanta,404-876-6161,` coffee shops ',698,198
86,304,1,86,` mary mac \ 's tea room ',' 224 ponce de leon ave. ',atlanta,404/876 -1800,southern,86,304,` mary mac \ 's tea room ',' 224 ponce de leon ave. ',atlanta,404-876-1800,southern/soul,86,199
473,204,0,473,` grand cafe hotel monaco ',' 501 geary st. ',` san francisco ',415/292 -0101,american,473,204,` mel \ 's drive-in ',' 3355 geary st. ',` san francisco ',415-387-2244,hamburgers,739,200
398,152,0,398,` horseradish grill ',' 4320 powers ferry rd. ',atlanta,404/255 -7277,southern,398,152,` carey \ 's corner ',' 1215 powers ferry rd. ',marietta,770-933-0909,hamburgers,686,201
110,328,1,110,` ritz-carlton restaurant and dining room ',' 600 stockton st. ',` san francisco ',415/296 -7465,american,110,328,` ritz-carlton dining room ( san francisco ) ',' 600 stockton st. ',` san francisco ',415-296-7465,` french ( new ) ',110,202
110,316,0,110,` ritz-carlton restaurant and dining room ',' 600 stockton st. ',` san francisco ',415/296 -7465,american,110,316,` campton place ',' 340 stockton st. ',` san francisco ',415-955-5555,` american ( new ) ',98,203
498,316,0,498,` moose \ 's ',' 1652 stockton st. ',` san francisco ',415/989 -7800,mediterranean,498,316,` campton place ',' 340 stockton st. ',` san francisco ',415-955-5555,` american ( new ) ',98,204
98,316,1,98,` campton place ',' 340 stockton st. ',` san francisco ',415/955 -5555,american,98,316,` campton place ',' 340 stockton st. ',` san francisco ',415-955-5555,` american ( new ) ',98,205
421,142,0,421,` taste of new orleans ',' 889 w. peachtree st. ',atlanta,404/874 -5535,southern,421,142,` alon \ 's at the terrace ',' 659 peachtree st. ',atlanta,404-724-0444,sandwiches,676,206
91,142,0,91,` restaurant ritz-carlton atlanta ',' 181 peachtree st. ',atlanta,404/659 -0400,continental,91,142,` alon \ 's at the terrace ',' 659 peachtree st. ',atlanta,404-724-0444,sandwiches,676,207
386,170,0,386,bistango,' 1100 peachtree st. ',atlanta,404/724 -0901,mediterranean,386,170,` morton \ 's of chicago ( atlanta ) ',' 303 peachtree st. ne ',atlanta,404-577-4366,steakhouses,704,208
91,170,0,91,` restaurant ritz-carlton atlanta ',' 181 peachtree st. ',atlanta,404/659 -0400,continental,91,170,` morton \ 's of chicago ( atlanta ) ',' 303 peachtree st. ne ',atlanta,404-577-4366,steakhouses,704,209
66,255,0,66,` virgil \ 's ',' 152 w. 44th st. ',` new york ',' 212 / 921-9494 ',american,66,255,` island spice ',' 402 w. 44th st. ',` new york city ',212-765-1737,caribbean,37,210
317,255,0,317,orso,' 322 w. 46th st. ',` new york ',212/489 -7212,italian,316,255,` island spice ',' 402 w. 44th st. ',` new york city ',212-765-1737,caribbean,37,211
119,255,0,119,` border grill ',' 4th st. ',` los angeles ',310/451 -1655,mexican,116,255,` island spice ',' 402 w. 44th st. ',` new york city ',212-765-1737,caribbean,37,212
274,255,0,274,` jewel of india ','15 w. 44th st. ',` new york ',212/869 -5544,asian,273,255,` island spice ',' 402 w. 44th st. ',` new york city ',212-765-1737,caribbean,37,213
290,209,0,290,` le madri ',' 168 w. 18th st. ',` new york ',212/727 -8022,italian,289,209,` san francisco bbq ',' 1328 18th st. ',` san francisco ',415-431-8956,thai,744,214
292,252,0,292,` le perigord ',' 405 e. 52nd st. ',` new york ',212/755 -6244,french,291,252,` four seasons ','99 e. 52nd st. ',` new york city ',212-754-9494,` american ( new ) ',34,215
62,280,1,62,` smith & wollensky ',' 201 e. 49th st. ',` new york ',212/753 -1530,american,62,280,` smith & wollensky ',' 797 third ave. ',` new york city ',212-753-1530,steakhouses,62,216
135,45,0,135,eclipse,' 8800 melrose ave. ',` los angeles ',310/724 -5959,californian,132,45,` mo better meatty meat ',' 7261 melrose ave. ',la,213-935-5280,hamburgers,579,217
170,45,0,170,` tommy tang \ 's ',' 7313 melrose ave. ',` los angeles ',213/937 -5733,asian,167,45,` mo better meatty meat ',' 7261 melrose ave. ',la,213-935-5280,hamburgers,579,218
16,45,0,16,patina,' 5955 melrose ave. ',` los angeles ',213/467 -1108,californian,16,45,` mo better meatty meat ',' 7261 melrose ave. ',la,213-935-5280,hamburgers,579,219
12,45,0,12,` le chardonnay ',' 8284 melrose ave. ',` los angeles ',213/655 -8880,french,12,45,` mo better meatty meat ',' 7261 melrose ave. ',la,213-935-5280,hamburgers,579,220
168,45,0,168,` tavola calda ',' 7371 melrose ave. ',` los angeles ',213/658 -6340,italian,165,45,` mo better meatty meat ',' 7261 melrose ave. ',la,213-935-5280,hamburgers,579,221
6,45,0,6,citrus,' 6703 melrose ave. ',` los angeles ',213/857 -0034,californian,6,45,` mo better meatty meat ',' 7261 melrose ave. ',la,213-935-5280,hamburgers,579,222
135,62,0,135,eclipse,' 8800 melrose ave. ',` los angeles ',310/724 -5959,californian,132,62,` sweet lady jane ',' 8360 melrose ave. ',la,213-653-7145,desserts,596,223
168,62,0,168,` tavola calda ',' 7371 melrose ave. ',` los angeles ',213/658 -6340,italian,165,62,` sweet lady jane ',' 8360 melrose ave. ',la,213-653-7145,desserts,596,224
135,30,0,135,eclipse,' 8800 melrose ave. ',` los angeles ',310/724 -5959,californian,132,30,` johnny rockets ( la ) ',' 7507 melrose ave. ',la,213-651-3361,american,564,225
16,30,0,16,patina,' 5955 melrose ave. ',` los angeles ',213/467 -1108,californian,16,30,` johnny rockets ( la ) ',' 7507 melrose ave. ',la,213-651-3361,american,564,226
12,30,0,12,` le chardonnay ',' 8284 melrose ave. ',` los angeles ',213/655 -8880,french,12,30,` johnny rockets ( la ) ',' 7507 melrose ave. ',la,213-651-3361,american,564,227
168,30,0,168,` tavola calda ',' 7371 melrose ave. ',` los angeles ',213/658 -6340,italian,165,30,` johnny rockets ( la ) ',' 7507 melrose ave. ',la,213-651-3361,american,564,228
6,30,0,6,citrus,' 6703 melrose ave. ',` los angeles ',213/857 -0034,californian,6,30,` johnny rockets ( la ) ',' 7507 melrose ave. ',la,213-651-3361,american,564,229
151,30,0,151,` morton \ 's ',' 8764 melrose ave. ',` los angeles ',310/276 -5205,american,148,30,` johnny rockets ( la ) ',' 7507 melrose ave. ',la,213-651-3361,american,564,230
135,234,0,135,eclipse,' 8800 melrose ave. ',` los angeles ',310/724 -5959,californian,132,234,patina,' 5955 melrose ave. ',` los angeles ',213-467-1108,californian,16,231
170,234,0,170,` tommy tang \ 's ',' 7313 melrose ave. ',` los angeles ',213/937 -5733,asian,167,234,patina,' 5955 melrose ave. ',` los angeles ',213-467-1108,californian,16,232
16,234,1,16,patina,' 5955 melrose ave. ',` los angeles ',213/467 -1108,californian,16,234,patina,' 5955 melrose ave. ',` los angeles ',213-467-1108,californian,16,233
12,234,0,12,` le chardonnay ',' 8284 melrose ave. ',` los angeles ',213/655 -8880,french,12,234,patina,' 5955 melrose ave. ',` los angeles ',213-467-1108,californian,16,234
6,234,0,6,citrus,' 6703 melrose ave. ',` los angeles ',213/857 -0034,californian,6,234,patina,' 5955 melrose ave. ',` los angeles ',213-467-1108,californian,16,235
151,234,0,151,` morton \ 's ',' 8764 melrose ave. ',` los angeles ',310/276 -5205,american,148,234,patina,' 5955 melrose ave. ',` los angeles ',213-467-1108,californian,16,236
135,224,0,135,eclipse,' 8800 melrose ave. ',` los angeles ',310/724 -5959,californian,132,224,citrus,' 6703 melrose ave. ',` los angeles ',213-857-0034,californian,6,237
12,224,0,12,` le chardonnay ',' 8284 melrose ave. ',` los angeles ',213/655 -8880,french,12,224,citrus,' 6703 melrose ave. ',` los angeles ',213-857-0034,californian,6,238
6,224,1,6,citrus,' 6703 melrose ave. ',` los angeles ',213/857 -0034,californian,6,224,citrus,' 6703 melrose ave. ',` los angeles ',213-857-0034,californian,6,239
151,224,0,151,` morton \ 's ',' 8764 melrose ave. ',` los angeles ',310/276 -5205,american,148,224,citrus,' 6703 melrose ave. ',` los angeles ',213-857-0034,californian,6,240
170,230,0,170,` tommy tang \ 's ',' 7313 melrose ave. ',` los angeles ',213/937 -5733,asian,167,230,` le chardonnay ( los angeles ) ',' 8284 melrose ave. ',` los angeles ',213-655-8880,` french bistro ',12,241
16,230,0,16,patina,' 5955 melrose ave. ',` los angeles ',213/467 -1108,californian,16,230,` le chardonnay ( los angeles ) ',' 8284 melrose ave. ',` los angeles ',213-655-8880,` french bistro ',12,242
12,230,1,12,` le chardonnay ',' 8284 melrose ave. ',` los angeles ',213/655 -8880,french,12,230,` le chardonnay ( los angeles ) ',' 8284 melrose ave. ',` los angeles ',213-655-8880,` french bistro ',12,243
151,230,0,151,` morton \ 's ',' 8764 melrose ave. ',` los angeles ',310/276 -5205,american,148,230,` le chardonnay ( los angeles ) ',' 8284 melrose ave. ',` los angeles ',213-655-8880,` french bistro ',12,244
156,122,0,156,` pacific dining car ',' 6th st. ',` los angeles ',213/483 -6000,american,153,122,` andre \ 's french restaurant ',' 401 s. 6th st. ',` las vegas ',702-385-5016,` french ( classic ) ',656,245
119,122,0,119,` border grill ',' 4th st. ',` los angeles ',310/451 -1655,mexican,116,122,` andre \ 's french restaurant ',' 401 s. 6th st. ',` las vegas ',702-385-5016,` french ( classic ) ',656,246
156,213,0,156,` pacific dining car ',' 6th st. ',` los angeles ',213/483 -6000,american,153,213,` ti couz ',' 3108 16th st. ',` san francisco ',415-252-7373,french,748,247
119,207,0,119,` border grill ',' 4th st. ',` los angeles ',310/451 -1655,mexican,116,207,` roosevelt tamale parlor ',' 2817 24th st. ',` san francisco ',415-550-9213,mexican,742,248
119,66,0,119,` border grill ',' 4th st. ',` los angeles ',310/451 -1655,mexican,116,66,` water grill ',' 544 s. grand ave. ',` los angeles ',213-891-0900,seafood,600,249
119,311,0,119,` border grill ',' 4th st. ',` los angeles ',310/451 -1655,mexican,116,311,` veni vidi vici ','41 14th st. ',atlanta,404-875-8424,italian,93,250
55,273,1,55,` rainbow room ','30 rockefeller plaza ',` new york ',212/632 -5000,` or 212/632 -5100 american ',55,273,` rainbow room ','30 rockefeller plaza ',` new york city ',212-632-5000,` american ( new ) ',55,251
97,315,1,97,` cafe claude ',' 7 claude la . ',` san francisco ',415/392 -3505,french,97,315,` cafe claude ',' 7 claude ln . ',` san francisco ',415-392-3505,` french bistro ',97,252
452,134,0,452,` yolie \ 's ',' 3900 paradise rd. ',` las vegas ',702/794 -0700,` steak houses ',452,134,` nicky blair \ 's ',' 3925 paradise rd. ',` las vegas ',702-792-9900,italian,668,253
69,134,0,69,` le montrachet ',' 3000 w. paradise rd. ',` las vegas ',702/732 -5111,continental,69,134,` nicky blair \ 's ',' 3925 paradise rd. ',` las vegas ',702-792-9900,italian,668,254
452,287,0,452,` yolie \ 's ',' 3900 paradise rd. ',` las vegas ',702/794 -0700,` steak houses ',452,287,` le montrachet bistro ',' 3000 paradise rd. ',` las vegas ',702-732-5651,` french bistro ',69,255
69,287,1,69,` le montrachet ',' 3000 w. paradise rd. ',` las vegas ',702/732 -5111,continental,69,287,` le montrachet bistro ',' 3000 paradise rd. ',` las vegas ',702-732-5651,` french bistro ',69,256
452,55,0,452,` yolie \ 's ',' 3900 paradise rd. ',` las vegas ',702/794 -0700,` steak houses ',452,55,` rae \ 's ',' 2901 pico blvd. ',` santa monica ',310-828-7937,diners,589,257
21,55,0,21,valentino,' 3115 pico blvd. ',` santa monica ',310/829 -4313,italian,21,55,` rae \ 's ',' 2901 pico blvd. ',` santa monica ',310-828-7937,diners,589,258
76,55,0,76,` bone \ 's ',' 3130 piedmont road ',atlanta,404/237 -2663,american,76,55,` rae \ 's ',' 2901 pico blvd. ',` santa monica ',310-828-7937,diners,589,259
236,55,0,236,` ernie \ 's ',' 2150 broadway between 75th and 76th sts . ',` new york ',212/496 -1588,american,234,55,` rae \ 's ',' 2901 pico blvd. ',` santa monica ',310-828-7937,diners,589,260
452,26,0,452,` yolie \ 's ',' 3900 paradise rd. ',` las vegas ',702/794 -0700,` steak houses ',452,26,` joe \ 's ',' 1023 abbot kinney blvd. ',venice,310-399-5811,` american ( new ) ',560,261
236,26,0,236,` ernie \ 's ',' 2150 broadway between 75th and 76th sts . ',` new york ',212/496 -1588,american,234,26,` joe \ 's ',' 1023 abbot kinney blvd. ',venice,310-399-5811,` american ( new ) ',560,262
485,26,0,485,` jack \ 's ',' 615 sacramento st. ',` san francisco ',415/986 -9854,` old san francisco ',485,26,` joe \ 's ',' 1023 abbot kinney blvd. ',venice,310-399-5811,` american ( new ) ',560,263
498,26,0,498,` moose \ 's ',' 1652 stockton st. ',` san francisco ',415/989 -7800,mediterranean,498,26,` joe \ 's ',' 1023 abbot kinney blvd. ',venice,310-399-5811,` american ( new ) ',560,264
21,239,1,21,valentino,' 3115 pico blvd. ',` santa monica ',310/829 -4313,italian,21,239,valentino,' 3115 pico blvd. ',` santa monica ',310-829-4313,italian,21,265
76,246,0,76,` bone \ 's ',' 3130 piedmont road ',atlanta,404/237 -2663,american,76,246,` carmine \ 's ',' 2450 broadway ',` new york city ',212-362-2200,italian,28,266
479,246,0,479,helmand,' 430 broadway ',` san francisco ',415/362 -0641,` greek and middle eastern ',479,246,` carmine \ 's ',' 2450 broadway ',` new york city ',212-362-2200,italian,28,267
388,246,0,388,` camille \ 's ',' 1186 n. highland ave. ',atlanta,404/872 -7203,italian,388,246,` carmine \ 's ',' 2450 broadway ',` new york city ',212-362-2200,italian,28,268
468,246,0,468,` des alpes ',' 732 broadway ',` san francisco ',415/788 -9900,french,468,246,` carmine \ 's ',' 2450 broadway ',` new york city ',212-362-2200,italian,28,269
76,17,0,76,` bone \ 's ',' 3130 piedmont road ',atlanta,404/237 -2663,american,76,17,` duke \ 's ',' 8909 sunset blvd. ',` w. hollywood ',310-652-3100,` coffee shops ',551,270
146,17,0,146,joss,' 9255 sunset blvd. ',` los angeles ',310/276 -1886,asian,143,17,` duke \ 's ',' 8909 sunset blvd. ',` w. hollywood ',310-652-3100,` coffee shops ',551,271
7,17,0,7,fenix,' 8358 sunset blvd. west ',hollywood,213/848 -6677,american,7,17,` duke \ 's ',' 8909 sunset blvd. ',` w. hollywood ',310-652-3100,` coffee shops ',551,272
76,179,0,76,` bone \ 's ',' 3130 piedmont road ',atlanta,404/237 -2663,american,76,179,soto,' 3330 piedmont rd. ',atlanta,404-233-2005,japanese,714,273
83,104,0,83,` heera of india ',' 595 piedmont ave. rio shopping mall ',atlanta,404/876 -4408,asian,83,104,` rose of india ',' 308 e. sixth st. ',` new york city ',212-533-5011,indian,638,274
490,189,0,490,` l \ ` osteria del forno ',' 519 columbus ave. ',` san francisco ',415/982 -1124,italian,490,189,` campo santo ',' 240 columbus ave. ',` san francisco ',415-433-9623,mexican,724,275
427,132,0,427,` bertolini \ 's ',' 3570 las vegas blvd. s ',` las vegas ',702/735 -4663,italian,427,132,moongate,' 3400 las vegas blvd. s. ',` las vegas ',702-791-7352,chinese,666,276
449,132,0,449,` the bacchanal ',' 3570 las vegas blvd. s ',` las vegas ',702/731 -7525,` only in las vegas ',449,132,moongate,' 3400 las vegas blvd. s. ',` las vegas ',702-791-7352,chinese,666,277
444,132,0,444,` margarita \ 's mexican cantina ',' 3120 las vegas blvd. s ',` las vegas ',702/794 -8200,mexican,444,132,moongate,' 3400 las vegas blvd. s. ',` las vegas ',702-791-7352,chinese,666,278
429,132,0,429,bistro,' 3400 las vegas blvd. s ',` las vegas ',702/791 -7111,continental,429,132,moongate,' 3400 las vegas blvd. s. ',` las vegas ',702-791-7352,chinese,666,279
438,132,0,438,'em press court ',' 3570 las vegas blvd. s ',` las vegas ',702/731 -7888,asian,438,132,moongate,' 3400 las vegas blvd. s. ',` las vegas ',702-791-7352,chinese,666,280
424,132,0,424,` bally \ 's big kitchen ',' 3645 las vegas blvd. s ',` las vegas ',702/739 -4111,buffets,424,132,moongate,' 3400 las vegas blvd. s. ',` las vegas ',702-791-7352,chinese,666,281
427,139,0,427,` bertolini \ 's ',' 3570 las vegas blvd. s ',` las vegas ',702/735 -4663,italian,427,139,` sterling brunch ',' 3645 las vegas blvd. s. ',` las vegas ',702-739-4651,eclectic,673,282
449,139,0,449,` the bacchanal ',' 3570 las vegas blvd. s ',` las vegas ',702/731 -7525,` only in las vegas ',449,139,` sterling brunch ',' 3645 las vegas blvd. s. ',` las vegas ',702-739-4651,eclectic,673,283
444,139,0,444,` margarita \ 's mexican cantina ',' 3120 las vegas blvd. s ',` las vegas ',702/794 -8200,mexican,444,139,` sterling brunch ',' 3645 las vegas blvd. s. ',` las vegas ',702-739-4651,eclectic,673,284
429,139,0,429,bistro,' 3400 las vegas blvd. s ',` las vegas ',702/791 -7111,continental,429,139,` sterling brunch ',' 3645 las vegas blvd. s. ',` las vegas ',702-739-4651,eclectic,673,285
424,139,0,424,` bally \ 's big kitchen ',' 3645 las vegas blvd. s ',` las vegas ',702/739 -4111,buffets,424,139,` sterling brunch ',' 3645 las vegas blvd. s. ',` las vegas ',702-739-4651,eclectic,673,286
437,139,0,437,` circus circus ',' 2880 las vegas blvd. s ',` las vegas ',702/734 -0410,buffets,437,139,` sterling brunch ',' 3645 las vegas blvd. s. ',` las vegas ',702-739-4651,eclectic,673,287
427,130,0,427,` bertolini \ 's ',' 3570 las vegas blvd. s ',` las vegas ',702/735 -4663,italian,427,130,` michael \ 's ( las vegas ) ',' 3595 las vegas blvd. s. ',` las vegas ',702-737-7111,continental,664,288
429,130,0,429,bistro,' 3400 las vegas blvd. s ',` las vegas ',702/791 -7111,continental,429,130,` michael \ 's ( las vegas ) ',' 3595 las vegas blvd. s. ',` las vegas ',702-737-7111,continental,664,289
438,130,0,438,'em press court ',' 3570 las vegas blvd. s ',` las vegas ',702/731 -7888,asian,438,130,` michael \ 's ( las vegas ) ',' 3595 las vegas blvd. s. ',` las vegas ',702-737-7111,continental,664,290
424,130,0,424,` bally \ 's big kitchen ',' 3645 las vegas blvd. s ',` las vegas ',702/739 -4111,buffets,424,130,` michael \ 's ( las vegas ) ',' 3595 las vegas blvd. s. ',` las vegas ',702-737-7111,continental,664,291
427,140,0,427,` bertolini \ 's ',' 3570 las vegas blvd. s ',` las vegas ',702/735 -4663,italian,427,140,` tre visi ',' 3799 las vegas blvd. s. ',` las vegas ',702-891-7331,italian,674,292
444,140,0,444,` margarita \ 's mexican cantina ',' 3120 las vegas blvd. s ',` las vegas ',702/794 -8200,mexican,444,140,` tre visi ',' 3799 las vegas blvd. s. ',` las vegas ',702-891-7331,italian,674,293
424,140,0,424,` bally \ 's big kitchen ',' 3645 las vegas blvd. s ',` las vegas ',702/739 -4111,buffets,424,140,` tre visi ',' 3799 las vegas blvd. s. ',` las vegas ',702-891-7331,italian,674,294
437,140,0,437,` circus circus ',' 2880 las vegas blvd. s ',` las vegas ',702/734 -0410,buffets,437,140,` tre visi ',' 3799 las vegas blvd. s. ',` las vegas ',702-891-7331,italian,674,295
427,288,0,427,` bertolini \ 's ',' 3570 las vegas blvd. s ',` las vegas ',702/735 -4663,italian,427,288,` palace court ',' 3570 las vegas blvd. s. ',` las vegas ',702-731-7110,` french ( new ) ',70,296
444,288,0,444,` margarita \ 's mexican cantina ',' 3120 las vegas blvd. s ',` las vegas ',702/794 -8200,mexican,444,288,` palace court ',' 3570 las vegas blvd. s. ',` las vegas ',702-731-7110,` french ( new ) ',70,297
429,288,0,429,bistro,' 3400 las vegas blvd. s ',` las vegas ',702/791 -7111,continental,429,288,` palace court ',' 3570 las vegas blvd. s. ',` las vegas ',702-731-7110,` french ( new ) ',70,298
437,288,0,437,` circus circus ',' 2880 las vegas blvd. s ',` las vegas ',702/734 -0410,buffets,437,288,` palace court ',' 3570 las vegas blvd. s. ',` las vegas ',702-731-7110,` french ( new ) ',70,299
427,290,0,427,` bertolini \ 's ',' 3570 las vegas blvd. s ',` las vegas ',702/735 -4663,italian,427,290,` steak house the ',' 2880 las vegas blvd. s. ',` las vegas ',702-734-0410,steakhouses,72,300
449,290,0,449,` the bacchanal ',' 3570 las vegas blvd. s ',` las vegas ',702/731 -7525,` only in las vegas ',449,290,` steak house the ',' 2880 las vegas blvd. s. ',` las vegas ',702-734-0410,steakhouses,72,301
444,290,0,444,` margarita \ 's mexican cantina ',' 3120 las vegas blvd. s ',` las vegas ',702/794 -8200,mexican,444,290,` steak house the ',' 2880 las vegas blvd. s. ',` las vegas ',702-734-0410,steakhouses,72,302
429,290,0,429,bistro,' 3400 las vegas blvd. s ',` las vegas ',702/791 -7111,continental,429,290,` steak house the ',' 2880 las vegas blvd. s. ',` las vegas ',702-734-0410,steakhouses,72,303
438,290,0,438,'em press court ',' 3570 las vegas blvd. s ',` las vegas ',702/731 -7888,asian,438,290,` steak house the ',' 2880 las vegas blvd. s. ',` las vegas ',702-734-0410,steakhouses,72,304
424,290,0,424,` bally \ 's big kitchen ',' 3645 las vegas blvd. s ',` las vegas ',702/739 -4111,buffets,424,290,` steak house the ',' 2880 las vegas blvd. s. ',` las vegas ',702-734-0410,steakhouses,72,305
437,290,0,437,` circus circus ',' 2880 las vegas blvd. s ',` las vegas ',702/734 -0410,buffets,437,290,` steak house the ',' 2880 las vegas blvd. s. ',` las vegas ',702-734-0410,steakhouses,72,306
427,128,0,427,` bertolini \ 's ',' 3570 las vegas blvd. s ',` las vegas ',702/735 -4663,italian,427,128,` madame ching \ 's ',' 3300 las vegas blvd. s. ',` las vegas ',702-894-7111,asian,662,307
449,128,0,449,` the bacchanal ',' 3570 las vegas blvd. s ',` las vegas ',702/731 -7525,` only in las vegas ',449,128,` madame ching \ 's ',' 3300 las vegas blvd. s. ',` las vegas ',702-894-7111,asian,662,308
438,128,0,438,'em press court ',' 3570 las vegas blvd. s ',` las vegas ',702/731 -7888,asian,438,128,` madame ching \ 's ',' 3300 las vegas blvd. s. ',` las vegas ',702-894-7111,asian,662,309
437,128,0,437,` circus circus ',' 2880 las vegas blvd. s ',` las vegas ',702/734 -0410,buffets,437,128,` madame ching \ 's ',' 3300 las vegas blvd. s. ',` las vegas ',702-894-7111,asian,662,310
449,123,0,449,` the bacchanal ',' 3570 las vegas blvd. s ',` las vegas ',702/731 -7525,` only in las vegas ',449,123,` buccaneer bay club ',' 3300 las vegas blvd. s. ',` las vegas ',702-894-7350,continental,657,311
444,123,0,444,` margarita \ 's mexican cantina ',' 3120 las vegas blvd. s ',` las vegas ',702/794 -8200,mexican,444,123,` buccaneer bay club ',' 3300 las vegas blvd. s. ',` las vegas ',702-894-7350,continental,657,312
429,123,0,429,bistro,' 3400 las vegas blvd. s ',` las vegas ',702/791 -7111,continental,429,123,` buccaneer bay club ',' 3300 las vegas blvd. s. ',` las vegas ',702-894-7350,continental,657,313
438,123,0,438,'em press court ',' 3570 las vegas blvd. s ',` las vegas ',702/731 -7888,asian,438,123,` buccaneer bay club ',' 3300 las vegas blvd. s. ',` las vegas ',702-894-7350,continental,657,314
449,125,0,449,` the bacchanal ',' 3570 las vegas blvd. s ',` las vegas ',702/731 -7525,` only in las vegas ',449,125,'em eril \ 's new orleans fish house ',' 3799 las vegas blvd. s. ',` las vegas ',702-891-7374,seafood,659,315
444,125,0,444,` margarita \ 's mexican cantina ',' 3120 las vegas blvd. s ',` las vegas ',702/794 -8200,mexican,444,125,'em eril \ 's new orleans fish house ',' 3799 las vegas blvd. s. ',` las vegas ',702-891-7374,seafood,659,316
429,125,0,429,bistro,' 3400 las vegas blvd. s ',` las vegas ',702/791 -7111,continental,429,125,'em eril \ 's new orleans fish house ',' 3799 las vegas blvd. s. ',` las vegas ',702-891-7374,seafood,659,317
438,125,0,438,'em press court ',' 3570 las vegas blvd. s ',` las vegas ',702/731 -7888,asian,438,125,'em eril \ 's new orleans fish house ',' 3799 las vegas blvd. s. ',` las vegas ',702-891-7374,seafood,659,318
437,125,0,437,` circus circus ',' 2880 las vegas blvd. s ',` las vegas ',702/734 -0410,buffets,437,125,'em eril \ 's new orleans fish house ',' 3799 las vegas blvd. s. ',` las vegas ',702-891-7374,seafood,659,319
449,286,0,449,` the bacchanal ',' 3570 las vegas blvd. s ',` las vegas ',702/731 -7525,` only in las vegas ',449,286,` coyote cafe ( las vegas ) ',' 3799 las vegas blvd. s. ',` las vegas ',702-891-7349,southwestern,68,320
429,286,0,429,bistro,' 3400 las vegas blvd. s ',` las vegas ',702/791 -7111,continental,429,286,` coyote cafe ( las vegas ) ',' 3799 las vegas blvd. s. ',` las vegas ',702-891-7349,southwestern,68,321
438,286,0,438,'em press court ',' 3570 las vegas blvd. s ',` las vegas ',702/731 -7888,asian,438,286,` coyote cafe ( las vegas ) ',' 3799 las vegas blvd. s. ',` las vegas ',702-891-7349,southwestern,68,322
424,286,0,424,` bally \ 's big kitchen ',' 3645 las vegas blvd. s ',` las vegas ',702/739 -4111,buffets,424,286,` coyote cafe ( las vegas ) ',' 3799 las vegas blvd. s. ',` las vegas ',702-891-7349,southwestern,68,323
438,131,0,438,'em press court ',' 3570 las vegas blvd. s ',` las vegas ',702/731 -7888,asian,438,131,` monte carlo ',' 3145 las vegas blvd. s. ',` las vegas ',702-733-4524,` french ( new ) ',665,324
495,159,0,495,maykadeh,' 470 green st. ',` san francisco ',415/362 -8286,` greek and middle eastern ',495,159,` greenwood \ 's ',' 1087 green st. ',roswell,770-992-5383,southern/soul,693,325
423,124,0,423,` antonio \ 's ',' 3700 w. flamingo ',` las vegas ',702/252 -7737,italian,423,124,` buzio \ 's in the rio ',' 3700 w. flamingo rd. ',` las vegas ',702-252-7697,seafood,658,326
435,124,0,435,` carnival world ',' 3700 w. flamingo rd. ',` las vegas ',702/252 -7777,buffets,435,124,` buzio \ 's in the rio ',' 3700 w. flamingo rd. ',` las vegas ',702-252-7697,seafood,658,327
432,124,0,432,` cafe michelle ',' 1350 e. flamingo rd. ',` las vegas ',702/735 -8686,american,432,124,` buzio \ 's in the rio ',' 3700 w. flamingo rd. ',` las vegas ',702-252-7697,seafood,658,328
425,124,0,425,` bamboo garden ',' 4850 flamingo rd. ',` las vegas ',702/871 -3262,asian,425,124,` buzio \ 's in the rio ',' 3700 w. flamingo rd. ',` las vegas ',702-252-7697,seafood,658,329
451,124,0,451,` viva mercado \ 's ',' 6182 w. flamingo rd. ',` las vegas ',702/871 -8826,mexican,451,124,` buzio \ 's in the rio ',' 3700 w. flamingo rd. ',` las vegas ',702-252-7697,seafood,658,330
423,126,0,423,` antonio \ 's ',' 3700 w. flamingo ',` las vegas ',702/252 -7737,italian,423,126,` fiore rotisserie & grille ',' 3700 w. flamingo rd. ',` las vegas ',702-252-7702,italian,660,331
435,126,0,435,` carnival world ',' 3700 w. flamingo rd. ',` las vegas ',702/252 -7777,buffets,435,126,` fiore rotisserie & grille ',' 3700 w. flamingo rd. ',` las vegas ',702-252-7702,italian,660,332
73,126,0,73,tillerman,' 2245 e. flamingo rd. ',` las vegas ',702/731 -4036,seafood,73,126,` fiore rotisserie & grille ',' 3700 w. flamingo rd. ',` las vegas ',702-252-7702,italian,660,333
423,16,0,423,` antonio \ 's ',' 3700 w. flamingo ',` las vegas ',702/252 -7737,italian,423,16,` don antonio \ 's ',' 1136 westwood blvd. ',westwood,310-209-1422,italian,550,334
435,291,0,435,` carnival world ',' 3700 w. flamingo rd. ',` las vegas ',702/252 -7777,buffets,435,291,'till erman the ',' 2245 e. flamingo rd. ',` las vegas ',702-731-4036,steakhouses,73,335
425,291,0,425,` bamboo garden ',' 4850 flamingo rd. ',` las vegas ',702/871 -3262,asian,425,291,'till erman the ',' 2245 e. flamingo rd. ',` las vegas ',702-731-4036,steakhouses,73,336
451,291,0,451,` viva mercado \ 's ',' 6182 w. flamingo rd. ',` las vegas ',702/871 -8826,mexican,451,291,'till erman the ',' 2245 e. flamingo rd. ',` las vegas ',702-731-4036,steakhouses,73,337
443,291,0,443,` mandarin court ',' 1510 e. flamingo rd. ',` las vegas ',702/737 -1234,asian,443,291,'till erman the ',' 2245 e. flamingo rd. ',` las vegas ',702-731-4036,steakhouses,73,338
338,259,0,338,` ruth \ 's chris ',' 148 w. 51st st. ',` new york ',212/245 -9600,american,338,259,` le bernardin ',' 155 w. 51st st. ',` new york city ',212-489-1515,seafood,41,339
41,259,1,41,` le bernardin ',' 155 w. 51st st. ',` new york ',212/489 -1515,french,41,259,` le bernardin ',' 155 w. 51st st. ',` new york city ',212-489-1515,seafood,41,340
222,259,0,222,cite,' 120 w. 51st st. ',` new york ',212/956 -7100,french,220,259,` le bernardin ',' 155 w. 51st st. ',` new york city ',212-489-1515,seafood,41,341
289,259,0,289,` le jardin ','25 cleveland pl . near spring st. ',` new york ',212/343 -9599,french,288,259,` le bernardin ',' 155 w. 51st st. ',` new york city ',212-489-1515,seafood,41,342
321,259,0,321,palio,' 151 w. 51st . st. ',` new york ',212/245 -4850,italian,320,259,` le bernardin ',' 155 w. 51st st. ',` new york city ',212-489-1515,seafood,41,343
11,232,0,11,` l \ ` orangerie ',' 903 n. la cienega blvd. ',` los angeles ',310/652 -9770,french,11,232,matsuhisa,' 129 n. la cienega blvd. ',` beverly hills ',310-659-9639,seafood,14,344
14,232,1,14,matsuhisa,' 129 n. la cienega blvd. ',` beverly hills ',310/659 -9639,asian,14,232,matsuhisa,' 129 n. la cienega blvd. ',` beverly hills ',310-659-9639,seafood,14,345
11,218,0,11,` l \ ` orangerie ',' 903 n. la cienega blvd. ',` los angeles ',310/652 -9770,french,11,218,` arnie morton \ 's of chicago ',' 435 s. la cienega blvd. ',` los angeles ',310-246-1501,steakhouses,0,346
0,218,1,0,` arnie morton \ 's of chicago ',' 435 s. la cienega blv . ',` los angeles ',310/246 -1501,american,0,218,` arnie morton \ 's of chicago ',' 435 s. la cienega blvd. ',` los angeles ',310-246-1501,steakhouses,0,347
11,229,1,11,` l \ ` orangerie ',' 903 n. la cienega blvd. ',` los angeles ',310/652 -9770,french,11,229,` l \ ` orangerie ',' 903 n. la cienega blvd. ',` w. hollywood ',310-652-9770,` french ( classic ) ',11,348
428,127,0,428,` binion \ 's coffee shop ',' 128 fremont st. ',` las vegas ',702/382 -1600,` coffee shops/diners ',428,127,` hugo \ 's cellar ',' 202 e. fremont st. ',` las vegas ',702-385-4011,continental,661,349
442,127,0,442,` lillie langtry \ 's ',' 129 e. fremont st. ',` las vegas ',702/385 -7111,asian,442,127,` hugo \ 's cellar ',' 202 e. fremont st. ',` las vegas ',702-385-4011,continental,661,350
428,138,0,428,` binion \ 's coffee shop ',' 128 fremont st. ',` las vegas ',702/382 -1600,` coffee shops/diners ',428,138,` stefano \ 's ',' 129 fremont st. ',` las vegas ',702-385-7111,italian,672,351
479,88,0,479,helmand,' 430 broadway ',` san francisco ',415/362 -0641,` greek and middle eastern ',479,88,` la caridad ',' 2199 broadway ',` new york city ',212-874-2780,cuban,622,352
479,80,0,479,helmand,' 430 broadway ',` san francisco ',415/362 -0641,` greek and middle eastern ',479,80,` gray \ 's papaya ',' 2090 broadway ',` new york city ',212-799-0243,` hot dogs ',614,353
479,103,0,479,helmand,' 430 broadway ',` san francisco ',415/362 -0641,` greek and middle eastern ',479,103,` peter luger steak house ',' 178 broadway ',brooklyn,718-387-7400,steakhouses,637,354
468,103,0,468,` des alpes ',' 732 broadway ',` san francisco ',415/788 -9900,french,468,103,` peter luger steak house ',' 178 broadway ',brooklyn,718-387-7400,steakhouses,637,355
479,51,0,479,helmand,' 430 broadway ',` san francisco ',415/362 -0641,` greek and middle eastern ',479,51,` pho hoa ',' 642 broadway ',chinatown,213-626-5530,vietnamese,585,356
468,51,0,468,` des alpes ',' 732 broadway ',` san francisco ',415/788 -9900,french,468,51,` pho hoa ',' 642 broadway ',chinatown,213-626-5530,vietnamese,585,357
388,65,0,388,` camille \ 's ',' 1186 n. highland ave. ',atlanta,404/872 -7203,italian,388,65,` uncle bill \ 's pancake house ',' 1305 highland ave. ',` manhattan beach ',310-545-5177,diners,599,358
84,65,0,84,` indigo coastal grill ',' 1397 n. highland ave. ',atlanta,404/876 -0676,caribbean,84,65,` uncle bill \ 's pancake house ',' 1305 highland ave. ',` manhattan beach ',310-545-5177,diners,599,359
413,65,0,413,` r.j. \ 's uptown kitchen & wine bar ',' 870 n. highland ave. ',atlanta,404/875 -7775,american,413,65,` uncle bill \ 's pancake house ',' 1305 highland ave. ',` manhattan beach ',310-545-5177,diners,599,360
388,302,0,388,` camille \ 's ',' 1186 n. highland ave. ',atlanta,404/872 -7203,italian,388,302,` indigo coastal grill ',' 1397 n. highland ave. ',atlanta,404-876-0676,eclectic,84,361
406,302,0,406,` mambo restaurante cubano ',' 1402 n. highland ave. ',atlanta,404/874 -2626,caribbean,406,302,` indigo coastal grill ',' 1397 n. highland ave. ',atlanta,404-876-0676,eclectic,84,362
468,267,0,468,` des alpes ',' 732 broadway ',` san francisco ',415/788 -9900,french,468,267,montrachet,' 239 w. broadway ',` new york city ',212-219-2777,` french bistro ',49,363
49,267,1,49,montrachet,' 239 w. broadway between walker and white sts . ',` new york ',' 212 / 219-2777 ',french,49,267,montrachet,' 239 w. broadway ',` new york city ',212-219-2777,` french bistro ',49,364
530,327,0,530,` yoyo tsumami bistro ',' 1611 post st. ',` san francisco ',415/922 -7788,french,530,327,postrio,' 545 post st. ',` san francisco ',415-776-7825,californian,109,365
510,327,0,510,sanppo,' 1702 post st. ',` san francisco ',415/346 -3486,asian,510,327,postrio,' 545 post st. ',` san francisco ',415-776-7825,californian,109,366
530,325,0,530,` yoyo tsumami bistro ',' 1611 post st. ',` san francisco ',415/922 -7788,french,530,325,mifune,' 1737 post st. ',` san francisco ',415-922-0337,japanese,107,367
109,325,0,109,postrio,' 545 post st. ',` san francisco ',415/776 -7825,american,109,325,mifune,' 1737 post st. ',` san francisco ',415-922-0337,japanese,107,368
106,324,1,106,` masa \ 's ',' 648 bush st. ',` san francisco ',415/989 -7154,french,106,324,` masa \ 's ',' 648 bush st. ',` san francisco ',415-989-7154,` french ( new ) ',106,369
306,324,0,306,` matthew \ 's ',' 1030 3rd ave. at 61st st. ',` new york ',212/838 -4343,american,305,324,` masa \ 's ',' 648 bush st. ',` san francisco ',415-989-7154,` french ( new ) ',106,370
106,113,0,106,` masa \ 's ',' 648 bush st. ',` san francisco ',415/989 -7154,french,106,113,` teresa \ 's ','80 montague st. ',queens,718-520-2910,polish,647,371
358,113,0,358,` teresa \ 's ',' 103 1st ave. between 6th and 7th sts . ',` new york ',212/228 -0604,` east european ',358,113,` teresa \ 's ','80 montague st. ',queens,718-520-2910,polish,647,372
106,198,0,106,` masa \ 's ',' 648 bush st. ',` san francisco ',415/989 -7154,french,106,198,` kelly \ 's on trinity ',' 333 bush st. ',` san francisco ',415-362-4454,californian,733,373
106,41,0,106,` masa \ 's ',' 648 bush st. ',` san francisco ',415/989 -7154,french,106,41,` martha \ 's ',' 22nd street grill 25 22nd ',` st. hermosa beach ',310-376-7786,american,575,374
47,265,1,47,` mesa grill ',' 102 5th ave. between 15th and 16th sts . ',` new york ',212/807 -7400,american,47,265,` mesa grill ',' 102 fifth ave. ',` new york city ',212-807-7400,southwestern,47,375
345,265,0,345,` sea grill ','19 w. 49th st. ',` new york ',212/332 -7610,seafood,345,265,` mesa grill ',' 102 fifth ave. ',` new york city ',212-807-7400,southwestern,47,376
269,265,0,269,` inca grill ',' 492 broome st. near w. broadway ',` new york ',212/966 -3371,` latin american ',268,265,` mesa grill ',' 102 fifth ave. ',` new york city ',212-807-7400,southwestern,47,377
363,244,0,363,triangolo,' 345 e. 83rd st. ',` new york ',212/472 -4488,italian,363,244,` cafe lalo ',' 201 w. 83rd st. ',` new york city ',212-496-6031,coffeehouses,26,378
26,244,1,26,` cafe lalo ',' 201 w. 83rd st. ',` new york ',212/496 -6031,` coffee bar ',26,244,` cafe lalo ',' 201 w. 83rd st. ',` new york city ',212-496-6031,coffeehouses,26,379
87,305,1,87,` nikolai \ 's roof ',' 255 courtland st. at harris st. ',atlanta,404/221 -6362,continental,87,305,` nikolai \ 's roof ',' 255 courtland st. ',atlanta,404-221-6362,continental,87,380
93,146,0,93,` veni vidi vici ','41 14th st. ',atlanta,404/875 -8424,italian,93,146,` bobby & june \ 's kountry kitchen ',' 375 14th st. ',atlanta,404-876-3872,southern/soul,680,381
494,314,0,494,manora,' 3226 mission st. ',` san francisco ',415/861 -6224,asian,494,314,boulevard,' 1 mission st. ',` san francisco ',415-543-6084,` american ( new ) ',96,382
494,60,0,494,manora,' 3226 mission st. ',` san francisco ',415/861 -6224,asian,494,60,shiro,' 1505 mission st. s. ',pasadena,818-799-4774,` pacific new wave ',594,383
96,60,0,96,boulevard,' 1 mission st. ',` san francisco ',415/543 -6084,american,96,60,shiro,' 1505 mission st. s. ',pasadena,818-799-4774,` pacific new wave ',594,384
494,201,0,494,manora,' 3226 mission st. ',` san francisco ',415/861 -6224,asian,494,201,` la taqueria ',' 2889 mission st. ',` san francisco ',415-285-7117,mexican,736,385
125,151,0,125,` canter \ 's ',' 419 n. fairfax ave. ',` los angeles ',213/651 -2030 .,american,122,151,` carey \ 's ',' 1021 cobb pkwy . se ',marietta,770-422-8042,hamburgers,685,386
481,312,0,481,` hong kong villa ',' 2332 clement st. ',` san francisco ',415/752 -8833,asian,481,312,` alain rondelli ',' 126 clement st. ',` san francisco ',415-387-0408,` french ( new ) ',94,387
481,186,0,481,` hong kong villa ',' 2332 clement st. ',` san francisco ',415/752 -8833,asian,481,186,` bill \ 's place ',' 2315 clement st. ',` san francisco ',415-221-5262,hamburgers,721,388
94,186,0,94,` alain rondelli ',' 126 clement st. ',` san francisco ',415/387 -0408,french,94,186,` bill \ 's place ',' 2315 clement st. ',` san francisco ',415-221-5262,hamburgers,721,389
492,186,0,492,` le soleil ',' 133 clement st. ',` san francisco ',415/668 -4848,asian,492,186,` bill \ 's place ',' 2315 clement st. ',` san francisco ',415-221-5262,hamburgers,721,390
105,197,0,105,lulu,' 816 folsom st. ',` san francisco ',415/495 -5775,mediterranean,105,197,` hamburger mary \ 's ',' 1582 folsom st. ',` san francisco ',415-626-1985,hamburgers,732,391
105,323,1,105,lulu,' 816 folsom st. ',` san francisco ',415/495 -5775,mediterranean,105,323,` lulu restaurant-bis-cafe ',' 816 folsom st. ',` san francisco ',415-495-5775,mediterranean,105,392
120,4,0,120,` broadway deli ',' 3rd st. promenade ',` santa monica ',310/451 -0616,american,117,4,` benita \ 's frites ',' 1433 third st. promenade ',` santa monica ',310-458-2889,` fast food ',538,393
88,150,0,88,` pano \ 's and paul \ 's ',' 1232 w. paces ferry rd. ',atlanta,404/261 -3662,international,88,150,canoe,' 4199 paces ferry rd. ',atlanta,770-432-2663,` american ( new ) ',684,394
82,150,0,82,` hedgerose heights inn ',' 490 e. paces ferry rd. ',atlanta,404/233 -7673,international,82,150,canoe,' 4199 paces ferry rd. ',atlanta,770-432-2663,` american ( new ) ',684,395
88,141,0,88,` pano \ 's and paul \ 's ',' 1232 w. paces ferry rd. ',atlanta,404/261 -3662,international,88,141,' 103 west ',' 103 w. paces ferry rd. ',atlanta,404-233-5993,continental,675,396
88,306,1,88,` pano \ 's and paul \ 's ',' 1232 w. paces ferry rd. ',atlanta,404/261 -3662,international,88,306,` pano \ 's & paul \ 's ',' 1232 w. paces ferry rd. ',atlanta,404-261-3662,` american ( new ) ',88,397
82,306,0,82,` hedgerose heights inn ',' 490 e. paces ferry rd. ',atlanta,404/233 -7673,international,82,306,` pano \ 's & paul \ 's ',' 1232 w. paces ferry rd. ',atlanta,404-261-3662,` american ( new ) ',88,398
88,177,0,88,` pano \ 's and paul \ 's ',' 1232 w. paces ferry rd. ',atlanta,404/261 -3662,international,88,177,riviera,' 519 e. paces ferry rd. ',atlanta,404-262-7112,mediterranean,712,399
384,177,0,384,` beesley \ 's of buckhead ',' 260 e. paces ferry road ',atlanta,404/264 -1334,continental,384,177,riviera,' 519 e. paces ferry rd. ',atlanta,404-262-7112,mediterranean,712,400
88,300,0,88,` pano \ 's and paul \ 's ',' 1232 w. paces ferry rd. ',atlanta,404/261 -3662,international,88,300,` hedgerose heights inn the ',' 490 e. paces ferry rd. ne ',atlanta,404-233-7673,continental,82,401
82,153,0,82,` hedgerose heights inn ',' 490 e. paces ferry rd. ',atlanta,404/233 -7673,international,82,153,chops,'70 w. paces ferry rd. ',atlanta,404-262-2675,steakhouses,687,402
65,283,1,65,` union square cafe ','21 e. 16th st. ',` new york ',212/243 -4020,american,65,283,` union square cafe ','21 e. 16th st. ',` new york city ',212-243-4020,` american ( new ) ',65,403
145,64,0,145,` jimmy \ 's ',' 201 moreno dr. ',` los angeles ',310/552 -2394,continental,142,64,` tommy \ 's ',' 2575 beverly blvd. ',la,213-389-9060,hamburgers,598,404
140,64,0,140,` hard rock cafe ',' 8600 beverly blvd. ',` los angeles ',310/276 -7605,american,137,64,` tommy \ 's ',' 2575 beverly blvd. ',la,213-389-9060,hamburgers,598,405
147,64,0,147,` le colonial ',' 8783 beverly blvd. ',` los angeles ',310/289 -0660,asian,144,64,` tommy \ 's ',' 2575 beverly blvd. ',la,213-389-9060,hamburgers,598,406
167,64,0,167,swingers,' 8020 beverly blvd. ',` los angeles ',213/653 -5858,american,164,64,` tommy \ 's ',' 2575 beverly blvd. ',la,213-389-9060,hamburgers,598,407
140,23,0,140,` hard rock cafe ',' 8600 beverly blvd. ',` los angeles ',310/276 -7605,american,137,23,` jan \ 's family restaurant ',' 8424 beverly blvd. ',la,213-651-2866,` coffee shops ',557,408
167,33,0,167,swingers,' 8020 beverly blvd. ',` los angeles ',213/653 -5858,american,164,33,` koo koo roo ',' 8393 w. beverly blvd. ',la,213-655-9045,chicken,567,409
95,195,0,95,aqua,' 252 california st. ',` san francisco ',415/956 -9662,seafood,95,195,'em erald garden restaurant ',' 1550 california st. ',` san francisco ',415-673-1155,vietnamese,730,410
95,313,1,95,aqua,' 252 california st. ',` san francisco ',415/956 -9662,seafood,95,313,aqua,' 252 california st. ',` san francisco ',415-956-9662,` american ( new ) ',95,411
519,313,0,519,` tadich grill ',' 240 california st. ',` san francisco ',415/391 -2373,seafood,519,313,aqua,' 252 california st. ',` san francisco ',415-956-9662,` american ( new ) ',95,412
71,137,0,71,` second street grille ',' 200 e. fremont st. ',` las vegas ',702/385 -3232,seafood,71,137,` steakhouse the ',' 128 e. fremont st. ',` las vegas ',702-382-1600,steakhouses,671,413
442,137,0,442,` lillie langtry \ 's ',' 129 e. fremont st. ',` las vegas ',702/385 -7111,asian,442,137,` steakhouse the ',' 128 e. fremont st. ',` las vegas ',702-382-1600,steakhouses,671,414
344,106,0,344,` sarabeth \ 's kitchen ',' 423 amsterdam ave. between 80th and 81st sts . ',` new york ',212/496 -6280,american,344,106,` sarabeth \ 's ',' 1295 madison ave. ',` new york city ',212-410-7335,american,640,415
56,274,1,56,` river cafe ',' 1 water st. at the east river ',brooklyn,718/522 -5200,american,56,274,` river cafe ',' 1 water st. ',brooklyn,718-522-5200,` american ( new ) ',56,416
7,225,1,7,fenix,' 8358 sunset blvd. west ',hollywood,213/848 -6677,american,7,225,` fenix at the argyle ',' 8358 sunset blvd. ',` w. hollywood ',213-848-6677,` french ( new ) ',7,417
111,188,0,111,` rose pistola ',' 532 columbus ave. ',` san francisco ',415/399 -0499,italian,111,188,` caffe greco ',' 423 columbus ave. ',` san francisco ',415-397-6261,continental,723,418
111,329,1,111,` rose pistola ',' 532 columbus ave. ',` san francisco ',415/399 -0499,italian,111,329,` rose pistola ',' 532 columbus ave. ',` san francisco ',415-399-0499,italian,111,419
278,245,0,278,` l \ ` absinthe ',' 227 e. 67th st. ',` new york ',212/794 -4950,french,277,245,` cafe des artistes ',' 1 w. 67th st. ',` new york city ',212-877-3500,` french ( classic ) ',27,420
295,245,0,295,` lincoln tavern ','51 w. 64th st. ',` new york ',212/721 -8271,american,294,245,` cafe des artistes ',' 1 w. 67th st. ',` new york city ',212-877-3500,` french ( classic ) ',27,421
181,245,0,181,` alley \ 's end ',' 311 w. 17th st. ',` new york ',212/627 -8899,american,178,245,` cafe des artistes ',' 1 w. 67th st. ',` new york city ',212-877-3500,` french ( classic ) ',27,422
201,12,0,201,` cafe bianco ',' 1486 2nd ave. between 77th and 78th sts . ',` new york ',212/988 -2655,` coffee bar ',199,12,` cafe blanc ',' 9777 little santa monica blvd. ',` beverly hills ',310-888-0108,` pacific new wave ',546,423
15,12,0,15,` the palm ',' 9001 santa monica blvd. ',` los angeles ',310/550 -8811,american,15,12,` cafe blanc ',' 9777 little santa monica blvd. ',` beverly hills ',310-888-0108,` pacific new wave ',546,424
131,12,0,131,dive !,' 10250 santa monica blvd. ',` los angeles ',310/788 -,` dive american ',128,12,` cafe blanc ',' 9777 little santa monica blvd. ',` beverly hills ',310-888-0108,` pacific new wave ',546,425
15,34,0,15,` the palm ',' 9001 santa monica blvd. ',` los angeles ',310/550 -8811,american,15,34,` la cachette ',' 10506 little santa monica blvd. ',` century city ',310-470-4992,` french ( new ) ',568,426
15,233,1,15,` the palm ',' 9001 santa monica blvd. ',` los angeles ',310/550 -8811,american,15,233,` palm the ( los angeles ) ',' 9001 santa monica blvd. ',` w. hollywood ',310-550-8811,steakhouses,15,427
15,24,0,15,` the palm ',' 9001 santa monica blvd. ',` los angeles ',310/550 -8811,american,15,24,jiraffe,' 502 santa monica blvd ',` santa monica ',310-917-6671,californian,558,428
131,24,0,131,dive !,' 10250 santa monica blvd. ',` los angeles ',310/788 -,` dive american ',128,24,jiraffe,' 502 santa monica blvd ',` santa monica ',310-917-6671,californian,558,429
524,326,0,524,` vivande porta via ',' 2125 fillmore st. ',` san francisco ',415/346 -4430,italian,524,326,` plumpjack cafe ',' 3127 fillmore st. ',` san francisco ',415-563-4755,` american ( new ) ',108,430
461,326,0,461,` cafe adriano ',' 3347 fillmore st. ',` san francisco ',415/474 -4180,italian,461,326,` plumpjack cafe ',' 3127 fillmore st. ',` san francisco ',415-563-4755,` american ( new ) ',108,431
501,326,0,501,oritalia,' 1915 fillmore st. ',` san francisco ',415/346 -1333,italian,501,326,` plumpjack cafe ',' 3127 fillmore st. ',` san francisco ',415-563-4755,` american ( new ) ',108,432
461,214,0,461,` cafe adriano ',' 3347 fillmore st. ',` san francisco ',415/474 -4180,italian,461,214,` trio cafe ',' 1870 fillmore st. ',` san francisco ',415-563-2248,american,749,433
108,214,0,108,` plumpjack cafe ',' 3201 fillmore st. ',` san francisco ',415/563 -4755,mediterranean,108,214,` trio cafe ',' 1870 fillmore st. ',` san francisco ',415-563-2248,american,749,434
54,272,1,54,pisces,'95 ave. a at 6th st. ',` new york ',212/260 -6660,seafood,54,272,pisces,'95 ave. a ',` new york city ',212-260-6660,seafood,54,435
8,226,1,8,granita,' 23725 w. malibu rd. ',malibu,310/456 -0488,californian,8,226,granita,' 23725 w. malibu rd. ',malibu,310-456-0488,californian,8,436
35,253,1,35,` gotham bar & grill ','12 e. 12th st. ',` new york ',212/620 -4020,american,35,253,` gotham bar & grill ','12 e. 12th st. ',` new york city ',212-620-4020,` american ( new ) ',35,437
10,228,1,10,` restaurant katsu ',' 1972 n. hillhurst ave. ',` los angeles ',213/665 -1891,asian,10,228,katsu,' 1972 hillhurst ave. ',` los feliz ',213-665-1891,japanese,10,438
104,211,0,104,` la folie ',' 2316 polk st. ',` san francisco ',415/776 -5577,french,104,211,` swan oyster depot ',' 1517 polk st. ',` san francisco ',415-673-1101,seafood,746,439
104,322,1,104,` la folie ',' 2316 polk st. ',` san francisco ',415/776 -5577,french,104,322,` la folie ',' 2316 polk st. ',` san francisco ',415-776-5577,` french ( new ) ',104,440
463,322,0,463,` california culinary academy ',' 625 polk st. ',` san francisco ',415/771 -3500,french,463,322,` la folie ',' 2316 polk st. ',` san francisco ',415-776-5577,` french ( new ) ',104,441
463,202,0,463,` california culinary academy ',' 625 polk st. ',` san francisco ',415/771 -3500,french,463,202,` mario \ 's bohemian cigar store cafe ',' 2209 polk st. ',` san francisco ',415-776-8226,italian,737,442
463,217,0,463,` california culinary academy ',' 625 polk st. ',` san francisco ',415/771 -3500,french,463,217,` wa-ha-ka oaxaca mexican grill ',' 2141 polk st. ',` san francisco ',415-775-1055,mexican,752,443
150,91,0,150,` mon kee seafood restaurant ',' 679 n. spring st. ',` los angeles ',213/628 -6717,asian,147,91,` lombardi \ 's ','32 spring st. ',` new york city ',212-941-7994,pizza,625,444
486,321,0,486,` kabuto sushi ',' 5116 geary blvd. ',` san francisco ',415/752 -5652,asian,486,321,` khan toke thai house ',' 5937 geary blvd. ',` san francisco ',415-668-6654,thai,103,445
480,321,0,480,` hong kong flower lounge ',' 5322 geary blvd. ',` san francisco ',415/668 -8998,asian,480,321,` khan toke thai house ',' 5937 geary blvd. ',` san francisco ',415-668-6654,thai,103,446
522,321,0,522,` ton kiang ',' 3148 geary blvd. ',` san francisco ',415/752 -4440,asian,522,321,` khan toke thai house ',' 5937 geary blvd. ',` san francisco ',415-668-6654,thai,103,447
60,84,0,60,` shun lee west ','43 w. 65th st. ',` new york ',212/371 -8844,asian,60,84,` john \ 's pizzeria ','48 w. 65th st. ',` new york city ',212-721-7001,pizza,618,448
240,84,0,240,ferrier,'29 e. 65th st. ',` new york ',212/772 -9000,french,238,84,` john \ 's pizzeria ','48 w. 65th st. ',` new york city ',212-721-7001,pizza,618,449
19,5,0,19,` rex il ristorante ',' 617 s. olive st. ',` los angeles ',213/627 -2300,italian,19,5,` bernard \ 's ',' 515 s. olive st. ',` los angeles ',213-612-1580,continental,539,450
19,237,1,19,` rex il ristorante ',' 617 s. olive st. ',` los angeles ',213/627 -2300,italian,19,237,` rex il ristorante ',' 617 s. olive st. ',` los angeles ',213-627-2300,` nuova cucina italian ',19,451
257,102,0,257,` gianni \ 's ','15 fulton st. ',` new york ',212/608 -7300,seafood,255,102,` patsy \ 's pizza ','19 old fulton st. ',brooklyn,718-858-4300,pizza,636,452
124,59,0,124,` california pizza kitchen ',' 207 s. beverly dr. ',` los angeles ',310/275 -1101,californian,121,59,` ruth \ 's chris steak house ( los angeles ) ',' 224 s. beverly dr. ',` beverly hills ',310-859-8744,steakhouses,593,453
152,59,0,152,` nate \ ` n \ ' al \ 's ',' 414 n. beverly dr. ',` los angeles ',310/274 -0101,american,149,59,` ruth \ 's chris steak house ( los angeles ) ',' 224 s. beverly dr. ',` beverly hills ',310-859-8744,steakhouses,593,454
439,129,0,439,feast,' 2411 w. sahara ave. ',` las vegas ',702/367 -2411,buffets,439,129,` mayflower cuisinier ',' 4750 w. sahara ave. ',` las vegas ',702-870-8432,chinese,663,455
441,129,0,441,` golden steer ',' 308 w. sahara ave. ',` las vegas ',702/384 -4470,` steak houses ',441,129,` mayflower cuisinier ',' 4750 w. sahara ave. ',` las vegas ',702-870-8432,chinese,663,456
155,22,0,155,orleans,' 11705 national blvd. ',` los angeles ',310/479 -4187,cajun,152,22,` indo cafe ',' 10428 1/2 national blvd. ',la,310-815-1290,indonesian,556,457
456,191,0,456,betelnut,' 2030 union st. ',` san francisco ',415/929 -8855,asian,456,191,` doidge \ 's ',' 2217 union st. ',` san francisco ',415-921-2149,american,726,458
17,235,1,17,` philippe \ 's the original ',' 1001 n. alameda st. ',` los angeles ',213/628 -3781,american,17,235,` philippe the original ',' 1001 n. alameda st. ',chinatown,213-628-3781,cafeterias,17,459
307,254,0,307,` mavalli palace ','46 e. 29th st. ',` new york ',212/679 -5535,asian,306,254,` gramercy tavern ','42 e. 20th st. ',` new york city ',212-477-0777,` american ( new ) ',36,460
381,149,0,381,` annie \ 's thai castle ',' 3195 roswell rd. ',atlanta,404/264 -9546,asian,381,149,` cafe sunflower ',' 5975 roswell rd. ',atlanta,404-256-1675,` health food ',683,461
381,154,0,381,` annie \ 's thai castle ',' 3195 roswell rd. ',atlanta,404/264 -9546,asian,381,154,chopstix,' 4279 roswell rd. ',atlanta,404-255-4868,chinese,688,462
381,167,0,381,` annie \ 's thai castle ',' 3195 roswell rd. ',atlanta,404/264 -9546,asian,381,167,` la fonda latina ',' 4427 roswell rd. ',atlanta,404-303-8201,spanish,701,463
78,296,1,78,` buckhead diner ',' 3073 piedmont road ',atlanta,404/262 -3336,american,78,296,` buckhead diner ',' 3073 piedmont rd. ',atlanta,404-262-3336,` american ( new ) ',78,464
2,220,1,2,` hotel bel-air ',' 701 stone canyon rd. ',` bel air ',310/472 -1211,californian,2,220,` bel-air hotel ',' 701 stone canyon rd. ',` bel air ',310-472-1211,californian,2,465
457,145,0,457,` bistro roti ',' 155 steuart st. ',` san francisco ',415/495 -6500,french,457,145,` bistro the ','56 e. andrews dr. nw ',atlanta,404-231-5733,` french bistro ',679,466
53,271,1,53,picholine,'35 w. 64th st. ',` new york ',212/724 -8585,mediterranean,53,271,picholine,'35 w. 64th st. ',` new york city ',212-724-8585,mediterranean,53,467
64,282,1,64,` uncle nick \ 's ',' 747 9th ave. between 50th and 51st sts . ',` new york ',212/315 -1726,mediterranean,64,282,` uncle nick \ 's ',' 747 ninth ave. ',` new york city ',212-245-7992,greek,64,468
176,192,0,176,' 9 jones street ',' 9 jones st. ',` new york ',212/989 -1220,american,173,192,` dottie \ 's true blue cafe ',' 522 jones st. ',` san francisco ',415-885-2767,diners,727,469
102,320,1,102,` hawthorne lane ','22 hawthorne st. ',` san francisco ',415/777 -9779,american,102,320,` hawthorne lane ','22 hawthorne st. ',` san francisco ',415-777-9779,californian,102,470
255,95,0,255,` gabriela \ 's ',' 685 amsterdam ave. at 93rd st. ',` new york ',212/961 -0574,mexican,253,95,` monsoon ( ny ) ',' 435 amsterdam ave. ',` new york city ',212-580-8686,thai,629,471
9,227,1,9,` grill on the alley ',' 9560 dayton way ',` los angeles ',310/276 -0615,american,9,227,` grill the ',' 9560 dayton way ',` beverly hills ',310-276-0615,` american ( traditional ) ',9,472
487,110,0,487,` katia \ 's ',' 600 5th ave. ',` san francisco ',415/668 -9292,'',487,110,` sylvia \ 's ',' 328 lenox ave. ',` new york city ',212-996-0660,southern/soul,644,473
13,231,1,13,` locanda veneta ',' 3rd st. ',` los angeles ',310/274 -1893,italian,13,231,` locanda veneta ',' 8638 w. third st. ',` los angeles ',310-274-1893,italian,13,474
283,115,0,283,` lanza restaurant ',' 168 1st ave. between 10th and 11th sts . ',` new york ',212/674 -7014,italian,282,115,` thailand restaurant ',' 106 bayard st. ',` new york city ',212-349-3132,thai,649,475
319,75,0,319,otabe,'68 e. 56th st. ',` new york ',212/223 -7575,asian,318,75,darbar,'44 w. 56th st. ',` new york city ',212-432-7227,indian,609,476
4,222,1,4,campanile,' 624 s. la brea ave. ',` los angeles ',213/938 -1447,american,4,222,campanile,' 624 s. la brea ave. ',` los angeles ',213-938-1447,californian,4,477
29,247,1,29,` carnegie deli ',' 854 7th ave. between 54th and 55th sts . ',` new york ',212/757 -2245,delicatessen,29,247,` carnegie deli ',' 854 seventh ave. ',` new york city ',212-757-2245,delis,29,478
459,74,0,459,bizou,' 598 fourth st. ',` san francisco ',415/543 -2222,french,459,74,` cucina di pesce ','87 e. fourth st. ',` new york city ',212-260-6800,seafood,608,479
