index,ID,NAME,RATING,PHONENUMBER,NO_OF_REVIEWS,ADDRESS,source,entity_id
4,1450000000004,15 Romolo ,3.7,(415) 398-1359,39,"15 Romolo Place, San Francisco, CA",0,1
12,1445980000013,15 Romolo ,4.0,(415) 398-1359,894,"15 Romolo Pl, San Francisco, CA 94133",1,1
41,1450000000041,Acquerello ,3.5,(415) 567-5432,93,"1722 Sacramento Street, San Francisco, CA",0,2
94,1445980000095,Acquerello ,4.5,(415) 567-5432,797,"1722 Sacramento St, San Francisco, CA 94109",1,2
48,1450000000048,AJ Bombers ,3.5,(608) 305-4474,160,"201 W Gorham St, Madison, WI",0,3
119,1445980000120,AJ Bombers ,3.5,(608) 305-4474,79,"201 W Gorham St, Madison, WI 53703",1,3
64,1450000000064,Alcove Cafe & Bakery ,4.1,(323) 644-0100,729,"1929 Hillhurst Ave, Los Angeles, CA",0,4
137,1445980000138,Alcove Caf̩ & Bakery ,4.0,(323) 644-0100,3111,"1929 Hillhurst Ave, Los Angeles, CA 90027",1,4
99,1450000000099,Anella ,3.8,(718) 389-8100,82,"222 Franklin Street, Brooklyn, NY",0,5
219,1445980000220,Anella ,4.0,(718) 389-8100,267,"222 Franklin St, Brooklyn, NY 11222",1,5
151,1450000000151,Asiento ,3.1,(415) 829-3375,11,"2730 21st Street, San Francisco, CA",0,6
319,1445980000320,Asiento ,4.0,(415) 829-3375,258,"2730 21st St, San Francisco, CA 94110",1,6
171,1450000000171,Avec ,3.9,(312) 377-2002,837,"615 W. Randolph Street, Chicago, IL",0,7
354,1445980000355,Avec ,4.5,(312) 377-2002,1485,"615 W Randolph St, Chicago, IL 60661",1,7
185,1450000000185,Babes Madison ,3.4,(608) 274-7300,76,"5614 Schroeder Rd, Madison, WI",0,8
380,1445980000381,Babes Grill & Bar ,3.5,(608) 274-7300,54,"5614 Schroeder Rd, Madison, WI 53711",1,8
225,1450000000225,Bari ,3.9,(312) 666-0730,150,"1120 W. Grand Avenue, Chicago, IL",0,9
443,1445980000444,Bari ,4.5,(312) 666-0730,591,"1120 W Grand Ave, Chicago, IL 60642",1,9
334,1450000000334,Blowin' Smoke Barbeque ,3.1,(608) 215-0069,15,"1336 Montondon Avenue, Waunakee, WI",0,10
642,1445980000643,Blowin�۪ Smoke BBQ ,3.5,(608) 215-0069,30,"1336 Montondon Ave, Waunakee, WI 53597",1,10
641,1445980000642,Blowin�۪ Smoke BBQ ,4.0,(608) 215-0069,31,"1336 Montondon Ave, Waunakee, WI 53597",1,10
356,1450000000356,Bocadillos ,3.8,(415) 982-2622,99,"710 Montgomery Street, San Francisco, CA",0,11
673,1445980000674,Bocadillos ,4.0,(415) 982-2622,956,"710 Montgomery St, San Francisco, CA 94111",1,11
364,1450000000364,Bonfyre American Grille ,3.9,(608) 273-3973,573,"2601 West Beltline Highway, Madison, WI",0,12
688,1445980000689,Bonfyre American Grille ,3.5,(608) 273-3973,146,"2601 W Beltline Hwy, Madison, WI 53713",1,12
404,1450000000404,Buck & Honey's ,3.5,(608) 837-3131,172,"804 Liberty Boulevard, Sun Prairie, WI",0,13
788,1445980000789,Buck & Honey�۪s ,4.0,(608) 837-3131,83,"804 Liberty Blvd, Sun Prairie, WI 53590",1,13
426,1450000000426,Burma Love ,2.8,(415) 861-2100,4,"211 Valencia Street, San Francisco, CA",0,14
819,1445980000820,Burma Love ,4.0,(415) 861-2100,254,"211 Valencia St, San Francisco, CA 94103",1,14
454,1450000000454,Cafe Tallulah ,3.1,(212) 209-1055,14,"240 Columbus Avenue, New York, NY",0,15
905,1445980000906,Cafe Tallulah ,3.5,(212) 209-1055,176,"240 Columbus Ave, New York, NY 10023",1,15
485,1450000000485,Capriotti's Sandwich Shop ,3.2,(608) 255-2227,12,"902 Regent St, Madison, WI",0,16
957,1445980000958,Capriotti�۪s Sandwich Shop ,3.5,(608) 255-2227,11,"902 Regent St, Madison, WI 53715",1,16
503,1450000000503,Casa DE Lara ,3.3,(608) 251-7200,60,"341 State St Ste 2, Madison, WI",0,17
985,1445980000986,Casa de Lara ,3.5,(608) 251-7200,36,"341 State St, Madison, WI 53703",1,17
505,1450000000505,Casa Del Sol ,3.7,(608) 663-8818,178,"3040 Cahill Main, Fitchburg, WI",0,18
986,1445980000987,Casa Del Sol ,3.5,(608) 663-8818,59,"3040 Cahill Main, Fitchburg, WI 53711",1,18
509,1450000000509,Casellula Cheese and Wine Cafe ,3.8,(212) 247-8137,402,"401 W 52nd Street, New York, NY",0,19
993,1445980000994,Casellula ,4.0,(212) 247-8137,689,"401 W 52nd St, New York, NY 10019",1,19
522,1450000000522,Cha Cha Cha ,3.8,(323) 664-7723,133,"656 N Virgil Ave, Los Angeles, CA",0,20
1025,1445980001026,Cha Cha Cha ,4.0,(323) 664-7723,843,"656 N Virgil Ave, Los Angeles, CA 90004",1,20
550,1450000000550,Chicago Curry House ,3.5,(312) 362-9999,178,"899 S. Plymouth Court, Chicago, IL",0,21
1078,1445980001079,Chicago Curry House ,3.5,(312) 362-9999,371,"899 S Plymouth Ct, Chicago, IL 60605",1,21
572,1450000000572,China Kitchen ,3.5,(608) 826-4432,40,"6606 Mineral Pt Rd, Madison, WI",0,22
1111,1445980001112,China Kitchen ,3.0,(608) 826-4432,6,"6608 Mineral Point Rd, Madison, WI 53705",1,22
578,1450000000578,Chipotle Mexican Grill ,,(608) 233-4305,0,"4000 University Ave, Madison, WI",0,23
1125,1445980001126,Chipotle Mexican Grill ,3.0,(608) 233-4305,19,"4000 University Ave, Madison, WI 53705",1,23
663,1450000000663,Crossroads Cafe ,,(608) 262-5038,0,"1000 Bascom Mall, Madison, WI",0,24
1319,1445980001320,Crossroads Cafe ,,(608) 262-5038,0,"1000 Bascom Mall, Madison, WI 53706",1,24
703,1450000000703,Dairyland Family Restaurant ,3.8,(608) 222-9232,47,"716 Cottage Grove Rd, Madison, WI",0,25
1371,1445980001372,Dairyland Family Restaurant ,3.0,(608) 222-9232,14,"716 Cottage Grove Rd, Madison, WI 53716",1,25
727,1450000000727,Delarosa ,3.8,(415) 673-7100,137,"2175 Chestnut Street, San Francisco, CA",0,26
1415,1445980001416,Delarosa ,4.0,(415) 673-7100,984,"2175 Chestnut St, San Francisco, CA 94123",1,26
757,1450000000757,Dlux ,3.7,(608) 467-3130,138,"117 Martin Luther King Blvd, Madison, WI",0,27
1464,1445980001465,DLUX ,4.0,(608) 467-3130,234,"117 Martin Luther King Jr Blvd, Madison, WI 53703",1,27
775,1450000000775,Dong Il Jang ,4.2,(213) 383-5757,65,"3455 W 8th St, Los Angeles, CA",0,28
1486,1445980001487,Dong II Jang Restaurant ,4.0,(213) 383-5757,445,"3455 W 8th St, Los Angeles, CA 90005",1,28
862,1450000000862,El Metate ,3.4,(415) 641-7209,92,"2406 Bryant Street, San Francisco, CA",0,29
1583,1445980001584,El Metate Restaurant ,4.0,(415) 641-7209,923,"2406 Bryant St, San Francisco, CA 94110",1,29
907,1450000000907,Eno Vino Wine Bar & Bistro ,4.1,(608) 664-9565,480,"601 Junction Rd, Madison, WI",0,30
1639,1445980001640,Eno Vino Wine Bar & Bistro ,4.5,(608) 664-9565,189,"601 Junction Rd, Madison, WI 53717",1,30
936,1450000000936,Falling Water Cafe ,,(608) 831-2000,0,"1313 John Q Hammons Dr, Middleton, WI",0,31
1695,1445980001696,Falling Water Cafe ,2.5,(608) 831-2000,6,"1313 John Q Hammons Dr, Middleton, WI 53562",1,31
939,1450000000939,Famous Yeti's Pizza ,4.6,(608) 877-1544,161,"971 N Page St, Stoughton, WI",0,32
1700,1445980001701,Famous Yeti�۪s Pizza ,4.5,(608) 877-1544,24,"971 N Page St, Stoughton, WI 53589",1,32
980,1450000000980,Flaming Wok ,3.4,(608) 240-1085,40,"4237 Lien Rd Ste H, Madison, WI",0,33
1775,1445980001776,Flaming Wok ,3.5,(608) 240-1085,29,"4237 Lien Rd, Madison, WI 53704",1,33
1081,1450000001081,Glass Nickel Pizza Co. ,3.7,(608) 218-9000,125,"5003 University Ave Ste 170, Madison, WI",0,34
1956,1445980001957,Glass Nickel Pizza ,4.0,(608) 218-9000,50,"5003 University Ave, Madison, WI 53705",1,34
1120,1450000001120,Granite City Food & Brewery ,3.5,(608) 829-0700,228,"72 W Towne Mall, Madison, WI",0,35
2022,1445980002023,Granite City Food & Brewery ,3.5,(608) 829-0700,102,"72 West Towne Mall, Madison, WI 53719",1,35
1122,1450000001122,Graze ,3.7,(608) 251-2700,463,"1 S Pinckney Street, Madison, WI",0,36
2028,1445980002029,Graze ,4.0,(608) 251-2700,576,"1 S Pinckney St, Madison, WI 53703",1,36
1134,1450000001134,Greenbush Bar ,4.0,(608) 257-2874,267,"914 Regent St, Madison, WI",0,37
2051,1445980002052,Greenbush Bar ,4.0,(608) 257-2874,125,"914 Regent St, Madison, WI 53715",1,37
1149,1450000001149,Gus's Diner ,3.5,(608) 318-0900,101,"630 N Westmount Dr, Sun Prairie, WI",0,38
2082,1445980002083,Gus�۪s Diner ,3.5,(608) 318-0900,42,"630 N Westmount Dr, Sun Prairie, WI 53590",1,38
1183,1450000001183,Harvest ,3.4,(608) 255-6075,242,"21 N Pinckney St, Madison, WI",0,39
2142,1445980002143,Harvest ,3.5,(608) 255-6075,160,"21 N Pinckney St, Madison, WI 53703",1,39
1193,1450000001193,Hell's Kitchen ,3.7,(212) 977-1588,259,"754 9th Avenue, New York, NY",0,40
2173,1445980002174,Hell�۪s Kitchen ,3.5,(212) 977-1588,42,"754 9th Ave, New York, NY 10019",1,40
1279,1450000001279,Ippudo ,4.3,(212) 388-0088,1346,"65 4th Avenue, New York, NY",0,41
2360,1445980002361,Ippudo NY ,4.0,(212) 388-0088,7566,"65 4th Ave, New York, NY 10003",1,41
1294,1450000001294,J.P. Graziano ,4.7,(312) 666-4587,55,"901 W. Randolph Street, Chicago, IL",0,42
2395,1445980002396,J.P. Graziano Grocery Co. ,4.5,(312) 666-4587,304,"901 W Randolph St, Chicago, IL 60607",1,42
1302,1450000001302,Jade Garden ,3.0,(608) 260-9890,38,"1109 S Park St, Madison, WI",0,43
2411,1445980002412,Jade Garden ,3.0,(608) 260-9890,32,"1109 S Park St, Madison, WI 53715",1,43
1304,1450000001304,Jake Melnick's Corner Tap ,4.0,(312) 266-0400,255,"41 E. Superior Street, Chicago, IL",0,44
2413,1445980002414,Jake Melnick�۪s Corner Tap ,3.5,(312) 266-0400,706,"41 E Superior St, Chicago, IL 60611",1,44
1326,1450000001326,Jeni's Splendid Ice Creams ,2.8,(614) 407-0687,4,"1505 N. Milwaukee Avenue, Chicago, IL",0,45
2459,1445980002460,Jeni�۪s Splendid Ice Creams ,4.0,(872) 802-4668,73,"1505 N Milwaukee Ave, Chicago, IL 60622",1,45
1343,1450000001343,Jimmy John's ,3.0,(608) 255-0301,11,"527 State St, Madison, WI",0,46
2492,1445980002493,Jimmy John�۪s ,3.0,(608) 251-6789,5,"527 State St, Madison, WI 53703",1,46
1354,1450000001354,Joey's Seafood & Grill ,3.6,(608) 829-0093,240,"6604 Mineral Pt Rd, Madison, WI",0,47
3591,1445980003592,North and South Seafood & Smokehouse ,4.5,(608) 829-0093,5,"6604 Mineral Point Rd, Madison, WI 53705",1,47
1394,1450000001394,Kabul Afghanistan Restaurant ,3.8,(608) 256-6322,276,"540 State St, Madison, WI",0,48
2567,1445980002568,Kabul Restaurant ,3.5,(608) 256-6322,124,"540 State St, Madison, WI 53703",1,48
1408,1450000001408,KFC ,3.1,(608) 849-5004,22,"600 W Main St, Waunakee, WI",0,49
2634,1445980002635,KFC ,,(608) 849-5004,0,"600 W. Main Street, Waunakee, WI 53597",1,49
1449,1450000001449,Kuleto's ,3.6,(415) 397-7720,256,"221 Powell Street, San Francisco, CA",0,50
2706,1445980002707,Kuletos ,3.5,(415) 397-7720,746,"221 Powell St, San Francisco, CA 94102",1,50
1462,1450000001462,La Brioche ,3.6,(608) 233-3388,257,"2862 University Ave, Madison, WI",0,51
2719,1445980002720,L S.'s review of La Brioche True Foo,3.5,(608) 233-3388,120,"2862 University Ave, Madison, WI 53705",1,51
1500,1450000001500,Lakeview Bakery and Deli ,3.3,(608) 250-2380,17,"524 E. Wilson St., Madison, WI",0,52
2801,1445980002802,Lakeview Bakery and Deli ,5.0,(608) 250-2380,12,"524 E Wilson St, Madison, WI 53703",1,52
1509,1450000001509,Lao Laan,4.1,(608) 280-0104,196,"1146 Williamson St, Madison, WI",0,53
2820,1445980002821,Lao Laan,4.0,(608) 280-0104,211,"1146 Williamson St, Madison, WI 53703",1,53
1510,1450000001510,Lao Laan Xang Restaurant ,4.0,(608) 819-0140,243,"2098 Atwood Ave, Madison, WI",0,54
2819,1445980002820,Lao Laan,3.5,(608) 819-0140,68,"2098 Atwood Ave, Madison, WI 53704",1,54
1520,1450000001520,Layla's Persian Food ,3.2,(608) 216-4511,20,"141 South Butler Street, Madison, WI",0,55
2848,1445980002849,Layla�۪s Persian Food ,4.0,(608) 216-4511,26,"141 S Butler St, Madison, WI 53703",1,55
1558,1450000001558,Liholiho Yacht Club ,3.3,(415) 440-5446,19,"871 Sutter Street, San Francisco, CA",0,56
2903,1445980002904,Liholiho Yacht Club ,4.5,(415) 440-5446,480,"871 Sutter St, San Francisco, CA 94109",1,56
1615,1450000001615,Lula Cafe ,3.9,(773) 489-9554,892,"2537 N. Kedzie Boulevard, Chicago, IL",0,57
3019,1445980003020,Lula Cafe ,4.0,(773) 489-9554,1363,"2537 N Kedzie Blvd, Chicago, IL 60647",1,57
1637,1450000001637,Maharana ,3.9,(608) 246-8525,93,"1707 Thierer Rd, Madison, WI",0,58
3089,1445980003090,Maharaja Restaurant ,4.0,(608) 246-8525,42,"1707 Thierer Rd, Madison, WI 53704",1,58
1648,1450000001648,MaMa Ji's ,3.2,(415) 626-4416,18,"4415 18th Street, San Francisco, CA",0,59
3104,1445980003105,MaMa Ji�۪s ,4.0,(415) 212-8187,443,"4416 18th St, San Francisco, CA 94114",1,59
1656,1450000001656,Manna Cafe & Bakery ,3.8,(608) 663-5500,215,"611 N Sherman Ave, Madison, WI",0,60
3114,1445980003115,Manna Cafe & Bakery ,4.0,(608) 663-5500,119,"611 N Sherman Ave, Madison, WI 53704",1,60
1667,1450000001667,Marigold Kitchen ,4.1,(608) 661-5559,574,"118 S Pinckney St, Madison, WI",0,61
3132,1445980003133,Marigold Kitchen ,4.0,(608) 661-5559,353,"118 S Pinckney St, Madison, WI 53703",1,61
1677,1450000001677,Marlowe ,4.1,(415) 777-1413,81,"500 Brannan Street, San Francisco, CA",0,62
3151,1445980003152,Marlowe ,4.0,(415) 777-1413,1629,"500 Brannan St, San Francisco, CA 94107",1,62
1679,1450000001679,Marrakesh Restaurant ,3.3,(608) 238-7111,35,"5510 University Ave, Madison, WI",0,63
3158,1445980003159,Marrakesh ,2.5,(608) 238-7111,25,"5510 University Ave, Madison, WI 53705",1,63
1717,1450000001717,Mecca Supper Club ,3.3,(773) 775-1077,36,"6666 N. Northwest Highway, Chicago, IL",0,64
3207,1445980003208,Mecca Supper Club ,3.5,(773) 775-1077,77,"6666 N Northwest Hwy, Chicago, IL 60631",1,64
1751,1450000001751,Milan's Restaurant ,3.4,(718) 788-7384,31,"710 5th Avenue, Brooklyn, NY",0,65
3301,1445980003302,Milan Restaurant ,4.0,(718) 788-7384,49,"710 5th Ave, Brooklyn, NY 11226",1,65
1752,1450000001752,Milio's Sandwiches ,3.3,(608) 301-9999,32,"5534 Eastpark Blvd, Madison, WI",0,66
3304,1445980003305,Milio�۪s Sandwiches ,4.0,(608) 245-2700,5,"5534 Eastpark Blvd, Madison, WI 53718",1,66
1791,1450000001791,Mooyah ,3.1,(855) 666-9247,11,"6309 McKee Rd, Fitchburg, WI",0,67
3401,1445980003402,"MOOYAH Burgers, Fries & Shakes ",4.0,(608) 270-1022,45,"6309 Mckee Rd, Fitchburg, WI 53719",1,67
1820,1450000001820,Nacional 27 ,3.5,(312) 664-2727,210,"325 W. Huron Street, Chicago, IL",0,68
3466,1445980003467,Nacional 27 ,3.5,(312) 664-2727,694,"325 W Huron St, Chicago, IL 60654",1,68
1859,1450000001859,Nick's Pit Stop ,3.2,(773) 342-9736,37,"2023 N. Damen Avenue, Chicago, IL",0,69
3539,1445980003540,Nick�۪s Pit Stop ,4.5,(773) 342-9736,15,"2023 N Damen Ave, Chicago, IL 60647",1,69
1872,1450000001872,Noodles & Company ,3.6,(608) 829-0202,112,"7050 Mineral Point Rd, Madison, WI",0,70
3576,1445980003577,Noodles & Company ,3.0,(608) 829-0202,19,"7050 Mineral Point Rd and Gammon Rd, Madison, WI 53717",1,70
1902,1450000001902,Oakcrest Tavern ,4.2,(608) 233-1243,132,"5371 Old Middleton Rd, Madison, WI",0,71
3614,1445980003615,Oakcrest Tavern ,4.0,(608) 233-1243,37,"5371 Old Middleton Rd, Madison, WI 53705",1,71
1941,1450000001941,Original Pancake House ,3.5,(608) 222-1137,65,"518 River Pl, Monona, WI",0,72
3698,1445980003699,Original Pancake House ,3.5,(608) 222-1137,20,"516 River Pl, Monona, WI 53716",1,72
1942,1450000001942,Original Pancake House ,3.9,(608) 231-3666,295,"5518 University Ave, Madison, WI",0,73
3697,1445980003698,Original Pancake House ,4.0,(608) 231-3666,95,"5518 University Ave, Madison, WI 53705",1,73
1966,1450000001966,Pakwan ,3.9,(415) 255-2440,137,"3182 16th Street, San Francisco, CA",0,74
3755,1445980003756,Pakwan Restaurant ,4.0,(415) 255-2440,1343,"3180-82 16th St, San Francisco, CA 94103",1,74
1972,1450000001972,Palmyra Mediterranean Grill ,3.0,1245,7,"419 State St, Madison, WI",0,75
3764,1445980003765,Palmyra Mediterranean Grill ,3.5,(608) 630-9191,44,"419 State St, Madison, WI 53703",1,75
3765,1445980003766,Palmyra Mediterranean Grill ,3.5,(608) 630-9191,43,"419 State St, Madison, WI 53703",1,75
1975,1450000001975,Pampas Grill ,3.8,(323) 931-1928,59,"6333 W 3rd St, Los Angeles, CA",0,76
4636,1445980004637,Son of a Gun ,4.0,(323) 782-9033,1209,"8370 W 3rd St, Los Angeles, CA 90048",1,76
2015,1450000002015,Paradise Lounge ,3.3,(608) 256-2263,25,"119 W Main St, Madison, WI",0,77
5281,1445980005282,The Paradise Lounge ,4.0,(608) 256-2263,52,"119 W Main St, Madison, WI 53703",1,77
2031,1450000002031,Parthenon Gyros Restaurant ,3.7,(608) 251-6311,171,"316 State St, Madison, WI",0,78
3789,1445980003790,Pantheon Bar ,,(608) 251-6311,0,"316 State St, Madison, WI 53703",1,78
2069,1450000002069,Pho Nam ,3.7,(608) 836-7040,110,"610 Junction Rd Suite 109, Madison, WI",0,79
3900,1445980003901,Pho Nam Noodle House ,4.0,(608) 836-7040,84,"610 Junction Rd, Madison, WI 53717",1,79
2108,1450000002108,Pizza Hut ,,(608) 467-0588,0,"520 S Park St, Madison, WI",0,80
3958,1445980003959,Pizza Hut ,2.0,(608) 442-4242,2,"520 S. Park St., Madison, WI 53715",1,80
2123,1450000002123,Pizza Pit Extreme ,2.9,(608) 833-3344,21,"6628 Odana Rd, Madison, WI",0,81
3983,1445980003984,Pizza Pit Extreme ,3.5,(608) 271-3333,11,"6628 Odana Rd, Madison, WI 53719",1,81
2127,1450000002127,Pizzarito ,3.5,(310) 823-7333,46,"4371 Glencoe Ave B-7, Marina Del Rey, CA",0,82
3987,1445980003988,Pizzarito New York Pizza By the Slice ,3.0,(310) 823-7333,172,"4371 Glencoe Ave, Marina del Rey, CA 90292",1,82
2134,1450000002134,Plaza Tavern & Grill ,3.5,(608) 255-6592,56,"319 N Henry St, Madison, WI",0,83
5295,1445980005296,The Plaza Tavern ,4.0,(608) 255-6592,56,"319 N Henry St, Madison, WI 53703",1,83
2148,1450000002148,Pomp & Circumstance ,,(312) 951-7667,0,"1400 N. Wells Street, Chicago, IL",0,84
4033,1445980004034,Pomp & Circumstance ,4.0,(312) 951-7667,32,"1400 Wells St, Chicago, IL 60610",1,84
2156,1450000002156,Porta Bella ,3.2,(608) 256-3186,201,"425 N Frances St, Madison, WI",0,85
4046,1445980004047,Porta Bella ,2.5,(608) 256-3186,61,"425 N Frances St, Madison, WI 53703",1,85
2157,1450000002157,Porteno ,3.7,(212) 695-9694,37,"299 Tenth Avenue, New York, NY",0,86
4048,1445980004049,Porteno Restaurant ,4.5,(212) 695-9694,212,"299 10th Ave, New York, NY 10001",1,86
2158,1450000002158,Prado ,3.7,(323) 467-3871,45,"244 North Larchmont Boulevard, Los Angeles, CA",0,87
4068,1445980004069,Prado Restaurant ,4.0,(323) 467-3871,402,"244 N Larchmont Blvd, Los Angeles, CA 90004",1,87
2206,1450000002206,Ramen Takeya ,3.2,(312) 666-7710,12,"819 W. Fulton Market, Chicago, IL",0,88
4172,1445980004173,Ramen Takeya ,4.0,(312) 666-7710,93,"819 W Fulton Market, Chicago, IL 60607",1,88
2256,1450000002256,Rio Grande ,3.8,(608) 877-0160,97,"524 W Main St, Stoughton, WI",0,89
1593,1445980001594,El Rio Grande ,4.0,(608) 877-0160,37,"524 W Main St, Stoughton, WI 53589",1,89
2288,1450000002288,Rosie's Main Tap Incorporated ,3.2,(608) 835-3330,17,"121 S Main St, Oregon, WI",0,90
89,1445980000090,Ace�۪s Main Tap ,4.5,(608) 835-3330,3,"121 S Main St, Oregon, WI 53575",1,90
2296,1450000002296,RP Adler's Pub & Grill ,3.4,(608) 828-1250,89,"8202 Watts Rd, Madison, WI",0,91
4346,1445980004347,RP Adler�۪s ,3.5,(608) 828-1250,43,"8202 Watts Rd, Madison, WI 53719",1,91
2299,1450000002299,Ruay Thai Restaurant ,3.2,(212) 545-7829,20,"625 Second Avenue, New York, NY, NY",0,92
4349,1445980004350,Ruay Thai ,4.0,(212) 545-7829,323,"625 2nd Ave, New York, NY 10016",1,92
2318,1450000002318,Saigon Sandwich ,3.9,(415) 474-5698,126,"560 Larkin Street, San Francisco, CA",0,93
4390,1445980004391,Saigon Sandwich ,4.5,(415) 474-5698,2586,"560 Larkin St, San Francisco, CA 94102",1,93
2348,1450000002348,Sardine ,3.8,(608) 441-1600,454,"617 Williamson St, Madison, WI",0,94
4456,1445980004457,Sardine ,4.0,(608) 441-1600,259,"617 Williamson St, Madison, WI 53703",1,94
2351,1450000002351,Sarku Japan ,3.0,(608) 833-8808,12,"111 W Towne Mall, Madison, WI",0,95
4458,1445980004459,Sarku Japan ,4.0,(608) 833-8808,9,"111 W Towne Mall, Madison, WI 53719",1,95
2385,1450000002385,Shallots Bistro ,3.2,(847) 677-3463,21,"7016 Carpenter Road, Skokie, IL",0,96
4533,1445980004534,Shallots Bistro ,3.0,(847) 677-3463,47,"7016 Carpenter Rd, Skokie, IL 60076",1,96
2438,1450000002438,Sotto Mare ,4.5,(415) 398-3181,218,"552 Green Street, San Francisco, CA",0,97
4654,1445980004655,Sotto Mare ,4.5,(415) 398-3181,2103,"552 Green St, San Francisco, CA 94133",1,97
2488,1450000002488,Steak Escape ,2.5,(608) 833-9771,23,"118 W Towne Mall, Madison, WI",0,98
4740,1445980004741,Steak Escape ,,(608) 833-9771,0,"118 W Towne Mall, Madison, WI 53719",1,98
2504,1450000002504,Subway ,2.6,(608) 441-6887,6,"2850 University Ave, Madison, WI",0,99
4790,1445980004791,Subway ,4.0,(608) 441-6887,2,"2850 University Ave, Madison, WI 53705",1,99
2550,1450000002550,Swagat Restaurant ,4.0,(608) 836-9399,322,"707 N High Point Rd, Madison, WI",0,100
4878,1445980004879,Swagat ,,(800) 601-7491,0,"707 N High Point Rd, Madison, WI 53717",1,100
4879,1445980004880,Swagat Indian Restaurant ,4.0,(608) 836-9399,92,"707 N Highpoint Rd, Madison, WI 53717",1,100
2555,1450000002555,Sweet Maple ,3.9,(415) 655-9169,129,"2101 Sutter Street, San Francisco, CA",0,101
4890,1445980004891,Sweet Maple ,4.0,(415) 655-9169,1570,"2101 Sutter St, San Francisco, CA 94115",1,101
4891,1445980004892,Sweet Maple ,4.0,(415) 655-9169,1559,"2101 Sutter St, San Francisco, CA 94115",1,101
2656,1450000002656,Teriyaki Sushi Express ,3.5,(608) 271-4000,37,"3044 Fish Hatchery Rd, Fitchburg, WI",0,102
5020,1445980005021,Teriyaki Sushi Express ,4.0,(608) 271-4000,15,"3044 Fish Hatchery Rd, Fitchburg, WI 53713",1,102
2667,1450000002667,Thai Noodles ,4.4,(608) 270-9527,492,"5957 Mckee Rd, Fitchburg, WI",0,103
5033,1445980005034,Thai Noodles ,3.5,(608) 270-9527,62,"5957 Mckee Rd, Fitchburg, WI 53719",1,103
2680,1450000002680,The Buena Vista ,3.9,(415) 474-5044,422,"2765 Hyde Street, San Francisco, CA",0,104
797,1445980000798,Buena Vista Cafe ,4.0,(415) 474-5044,1560,"2765 Hyde St, San Francisco, CA 94109",1,104
2715,1450000002715,The Green Owl Cafe ,4.1,(608) 285-5290,237,"1970 Atwood Ave, Madison, WI",0,105
5184,1445980005185,The Green Owl ,4.0,(608) 285-5290,162,"1970 Atwood Ave, Madison, WI 53704",1,105
2731,1450000002731,The Little Owl ,3.8,(212) 741-4695,511,"90 Bedford Street, New York, NY",0,106
5238,1445980005239,The Little Owl ,4.0,(212) 741-4695,978,"90 Bedford St, New York, NY 10014",1,106
2738,1450000002738,The Old Fashioned ,4.3,(608) 310-4545,1602,"23 N Pinckney St, Madison, WI",0,107
5273,1445980005274,The Old Fashioned ,4.0,(608) 310-4545,951,"23 N Pinckney St, Madison, WI 53703",1,107
2745,1450000002745,The Publican ,4.1,(312) 733-9555,840,"837 W. Fulton Market, Chicago, IL",0,108
5305,1445980005306,The Publican ,4.0,(312) 733-9555,2207,"837 W Fulton Market, Chicago, IL 60607",1,108
2758,1450000002758,The Taco Shop ,3.3,(608) 250-8226,37,"604 University Ave, Madison, WI",0,109
5357,1445980005358,The Taco Bros ,4.0,(608) 422-5075,25,"604 E University Ave, Madison, WI 53715",1,109
2776,1450000002776,Tinga ,4.6,(323) 954-9566,58,"142 S La Brea, Los Angeles, CA",0,110
5411,1445980005412,Tinga ,4.0,(323) 954-9566,460,"142 S La Brea Ave, Los Angeles, CA 90036",1,110
2786,1450000002786,Tokyo Express ,,(608) 280-8338,0,"617 State St, Madison, WI",0,111
5433,1445980005434,Tokyo Express ,,(608) 280-8338,0,"617 State St, Madison, WI 53703",1,111
2830,1450000002830,Tuba ,3.6,(415) 826-8822,50,"1007 Guerrero Street, San Francisco, CA",0,112
5499,1445980005500,Tuba ,4.0,(415) 826-8822,533,"1007 Guerrero St, San Francisco, CA 94110",1,112
5500,1445980005501,Tuba ,4.0,(415) 826-8822,532,"1007 Guerrero St, San Francisco, CA 94110",1,112
2878,1450000002878,Villa Dolce ,3.9,(608) 833-0033,205,"1828 Parmenter St, Middleton, WI",0,113
5634,1445980005635,Villa Dolce ,3.5,(608) 833-0033,52,"1828 Parmenter St, Middleton, WI 53562",1,113
2888,1450000002888,Vinoteque on Melrose ,4.0,(310) 860-6060,95,"7469 Melrose Ave, Los Angeles, CA",0,114
5649,1445980005650,Vinoteque On Melrose ,4.0,(310) 860-6060,501,"7469 Melrose Ave, Los Angeles, CA 90046",1,114
2905,1450000002905,Waypoint Public House ,,(608) 222-3900,0,"320 W Broadway, Madison, WI",0,115
5698,1445980005699,Waypoint Public House ,4.0,(608) 222-0224,40,"320 W Broadway, Monona, WI 53716",1,115
2933,1450000002933,Wildberry Pancakes & Cafe ,3.9,(312) 938-9777,237,"130 E. Randolph Street, Chicago, IL",0,116
5752,1445980005753,Wildberry Pancakes and Cafe ,4.5,(312) 938-9777,1633,"130 E Randolph St, Chicago, IL 60601",1,116
2947,1450000002947,Winton Deli ,2.8,(510) 786-2444,4,"2042 W Winton Avenue, Hayward, CA",0,117
5774,1445980005775,Winton Deli Cafe ,3.5,(510) 786-2444,23,"2042 W Winton Ave, Hayward, CA 94545",1,117
2989,1450000002989,Yu Chun Chic Naeng Myun ,3.4,(213) 382-3815,16,"3185 W Olympic Blvd, Los Angeles, CA",0,118
5839,1445980005840,Yu Chun Chic Naeng Myun ,4.0,(213) 382-3815,677,"3185 W Olympic Blvd, Los Angeles, CA 90006",1,118
3012,1450000003012,Zuzu Cafe ,3.9,(608) 260-9898,60,"1336 Drake St, Madison, WI",0,119
5880,1445980005881,ZuZu Cafe & Market ,3.5,(608) 260-9898,39,"1336 Drake St, Madison, WI 53715",1,119
878,1450000000878,El Taco Loco #2 ,3.0,(415) 282-7018,6,"3274 24th Street, San Francisco, CA",0,120
1673,1450000001673,Mariscos Jalisco ,3.4,(323) 528-6701,27,"3040 E Olympic Blvd, Los Angeles, CA",0,121
2094,1450000002094,Pisco Latin Lounge ,3.3,(415) 874-9951,31,"1817 Market Street, San Francisco, CA",0,122
1981,1450000001981,Pancake Cafe ,3.2,(608) 204-7040,176,"6220 Nesbitt Rd Ste B, Fitchburg, WI",0,123
1812,1450000001812,Mullen's on Clark ,2.9,(773) 325-2319,15,"3527 N. Clark Street, Chicago, IL",0,124
39,1450000000039,ABC Seafood ,3.5,(213) 680-2887,91,"205 Ord St, Los Angeles, CA",0,125
2167,1450000002167,Prune ,3.8,(212) 677-6221,392,"54 E 1st Street, New York, NY",0,126
2412,1450000002412,Slide Food Cart ,2.9,(608) 630-4824,4,"711 State St, Madison, WI",0,127
2281,1450000002281,Rosamunde Sausage Grill ,4.0,(415) 437-6851,232,"545 Haight Street, San Francisco, CA",0,128
1881,1450000001881,North Beach Pizza ,3.6,(415) 433-2444,140,"1462 Grant Avenue, San Francisco, CA",0,129
2736,1450000002736,The Nitty Gritty ,3.5,(608) 251-2521,145,"223 N Frances St, Madison, WI",0,130
2770,1450000002770,Three Dots and a Dash ,3.5,(312) 610-4200,42,"435 N. Clark Street, Chicago, IL",0,131
1346,1450000001346,Jimmy's Red Hots ,4.1,(773) 384-9513,82,"4000 W. Grand Avenue, Chicago, IL",0,132
264,1450000000264,Bel Ami Restaurant ,3.2,(773) 878-2808,20,"5530 N. Lincoln Avenue, Chicago, IL",0,133
1231,1450000001231,Hot Woks Cool Sushi ,3.6,(312) 345-1234,269,"30 S. Michigan Avenue, Chicago, IL",0,134
18,1450000000018,456 Shanghai Cuisine ,3.9,1261,83,"69 Mott Street, New York, NY",0,135
1087,1450000001087,Golden Apple Grill & Breakfast House ,3.3,(773) 528-1413,52,"2971 N. Lincoln Avenue, Chicago, IL",0,136
2794,1450000002794,Tommy's Mexican ,3.5,(415) 387-4747,125,"5929 Geary Boulevard, San Francisco, CA",0,137
1167,1450000001167,Han 202 ,4.1,(312) 949-1314,97,"605 W. 31st Street, Chicago, IL",0,138
2962,1450000002962,Woodhouse Fish Company ,3.5,(415) 437-2722,154,"2073 Market Street, San Francisco, CA",0,139
1300,1450000001300,Jack��s Stir,,(212) 647-0900,0,"425 W 13th St, New York, NY",0,140
1181,1450000001181,Harold's Chicken Shack ,4.2,(773) 252-2424,58,"1361 N. Milwaukee Avenue, Chicago, IL",0,141
1267,1450000001267,Immaculee II Haitian Restaurant & Bakery ,,(718) 778-7188,0,"1227 Nostrand Ave, Brooklyn, NY",0,142
623,1450000000623,Coffee Bean & Tea Leaf ,,(310) 557-8435,0,"10250 Santa Monica Blvd, Los Angeles, CA",0,143
1877,1450000001877,Nori ,2.8,(773) 292-9992,7,"1393 N. Milwaukee Avenue, Chicago, IL",0,144
1156,1450000001156,H. Salt Esquire Fish & Chips ,2.7,(323) 667-2653,7,"4732 Hollywood Blvd, Los Angeles, CA",0,145
1497,1450000001497,Lahore Karahi ,3.8,(415) 567-8603,82,"612 O'Farrell Street, San Francisco, CA",0,146
383,1450000000383,BRGRBELLY ,3.1,(773) 775-6650,8,"5691 N. Milwaukee Avenue, Chicago, IL",0,147
2192,1450000002192,Quickly ,2.9,(415) 665-3090,11,"2116 Irving Street, San Francisco, CA",0,148
161,1450000000161,Atomic Wings ,3.6,(212) 760-9090,53,"528 9th Avenue, New York, NY, NY",0,149
107,1450000000107,Ann Sather ,3.8,(773) 348-2378,385,"909 W. Belmont Avenue, Chicago, IL",0,150
388,1450000000388,Brink Lounge ,2.6,(608) 661-8599,10,"701 E Washington Ave, Madison, WI",0,151
1949,1450000001949,Otto's Tacos ,3.0,(646) 678-4018,16,"141 2nd Avenue, New York, NY",0,152
1455,1450000001455,L's Caffe ,3.1,(415) 206-0274,16,"2871 24th Street, San Francisco, CA",0,153
2099,1450000002099,Pizza Capri ,3.4,(312) 280-5700,48,"1733 N. Halsted Street, Chicago, IL",0,154
2273,1450000002273,Roka Akor ,3.8,(312) 477-7652,87,"456 N. Clark Street, Chicago, IL",0,155
2693,1450000002693,The Counter ,3.5,(213) 228-7800,32,"725 W 7th St, Los Angeles, CA",0,156
2742,1450000002742,The Pastry Cupboard ,2.7,(415) 864-2755,8,"1596 Market Street, San Francisco, CA",0,157
2540,1450000002540,Sushi Komasa ,4.0,(213) 680-1792,297,"351 E 2nd St, Los Angeles, CA",0,158
187,1450000000187,Baby Blues BBQ ,3.5,(415) 896-4250,80,"3149 Mission Street, San Francisco, CA",0,159
2797,1450000002797,Tony Maroni's Famous Gourmet ,3.3,(310) 966-5050,18,"11645 Wilshire Blvd, Los Angeles, CA",0,160
1224,1450000001224,Hopwater Distribution ,,12347,0,"850 Bush Street, San Francisco, CA",0,161
582,1450000000582,Chocolate Shoppe Ice Cream ,3.8,(608) 255-5454,78,"468 State St, Madison, WI",0,162
921,1450000000921,Ethiopian Diamond ,3.7,(773) 338-6100,283,"6120 N. Broadway Street, Chicago, IL",0,163
628,1450000000628,Colibri Mexican Bistro ,3.6,(415) 440-2737,331,"438 Geary Street, San Francisco, CA",0,164
2991,1450000002991,Yum Yum Bangkok ,3.9,(212) 262-7244,219,"650 9th Avenue, New York, NY",0,165
1630,1450000001630,Mad City Frites ,2.8,(608) 204-6150,9,"320 State St, Madison, WI",0,166
785,1450000000785,Dotty Dumpling's Dowry ,4.0,(608) 259-0000,728,"317 N Frances St, Madison, WI",0,167
1832,1450000001832,Natsumi Bar And Lounge ,4.0,(212) 258-2988,177,"226 W 50th Street, New York, NY",0,168
405,1450000000405,Buckingham's Madison ,3.1,(608) 251-4744,9,"802 Regent St, Madison, WI",0,169
2859,1450000002859,Vee Vee's ,3.3,(773) 465-2424,21,"6232 N. Broadway Street, Chicago, IL",0,170
2901,1450000002901,Wasabi Japanese Restaurant ,3.7,(608) 255-5020,240,"449 State St Ste 2G, Madison, WI",0,171
2264,1450000002264,Roam Artisan Burgers ,4.2,(415) 440-7626,121,"1785 Union Street, San Francisco, CA",0,172
2825,1450000002825,True Coffee Roasters ,3.1,(608) 277-1455,33,"6250 Nesbitt Rd, Fitchburg, WI",0,173
71,1450000000071,Allende Restaurant ,3.6,(773) 477-7114,90,"2408 N. Lincoln Avenue, Chicago, IL",0,174
1678,1450000001678,Marnee Thai ,3.8,(415) 665-9500,219,"2225 Irving Street, San Francisco, CA",0,175
1959,1450000001959,Paciugo ,3.7,(773) 248-8433,36,"3241 N. Broadway Street, Chicago, IL",0,176
2186,1450000002186,Quaker Steak & Lube ,3.5,(608) 831-5823,208,"2259 Deming Way, Middleton, WI",0,177
1938,1450000001938,Oriental Garden ,3.6,(212) 619-0085,115,"14 Elizabeth Street, New York, NY",0,178
2253,1450000002253,Rin's ,4.0,(415) 821-4776,86,"4301 24th Street, San Francisco, CA",0,179
1125,1450000001125,Great India ,3.2,(415) 751-4433,20,"6127 Geary Boulevard, San Francisco, CA",0,180
2679,1450000002679,The Briks ,,(213) 746-7766,0,"1111 S Hope St, Los Angeles, CA",0,181
1851,1450000001851,New Orient House ,3.4,(608) 250-8880,38,"626 S. Park St, Madison, WI",0,182
232,1450000000232,Barriques Coffee ,4.0,(608) 268-6264,122,"127 W Washington Ave, Madison, WI",0,183
2730,1450000002730,The Little Door ,3.6,(323) 951-1210,160,"8164 W 3rd St, Los Angeles, CA",0,184
1428,1450000001428,Kit Kat Lounge and Supper Club ,3.6,(773) 525-1111,77,"3700 N. Halsted Street, Chicago, IL",0,185
1806,1450000001806,Mr. Pizza ,3.0,(213) 625-0077,13,"350 E 1st St, Los Angeles, CA",0,186
1822,1450000001822,Nana ,3.8,(312) 929-2486,184,"3267 S. Halsted Street, Chicago, IL",0,187
2466,1450000002466,St. Vincent ,3.3,(415) 285-1200,19,"1270 Valencia Street, San Francisco, CA",0,188
248,1450000000248,BBQ Chicken ,3.2,(213) 739-1047,17,"698 S Vermont Ave # 101, Los Angeles, CA",0,189
632,1450000000632,Commissary ,3.0,(415) 561-3663,9,"101 Montgomery Street, San Francisco, CA",0,190
2402,1450000002402,Silly Yak Bakery ,3.4,(608) 833-5965,26,"7866 Mineral Point Road, Madison, WI",0,191
2651,1450000002651,Tehuitzingo ,4.4,(212) 397-5956,96,"695 10th Avenue, New York, NY",0,192
876,1450000000876,El Salsabor Restaurant ,,(323) 266-1400,0,"522 S Lorena St, Los Angeles, CA",0,193
870,1450000000870,El Pollo Loco ,2.0,(323) 665-1333,23,"3925 W Sunset Blvd, Los Angeles, CA",0,194
2765,1450000002765,The Victory Madison ,3.4,(608) 240-0366,22,"2710 Atwood Ave, Madison, WI",0,195
2697,1450000002697,The Cricketers Arms ,,(212) 619-5550,0,"57 Murray Street, New York, NY",0,196
392,1450000000392,Brocach Irish Pub ,3.6,(608) 255-2015,208,"7 W Main St, Madison, WI",0,197
2703,1450000002703,The Edison ,3.7,(213) 613-0000,385,"108 W 2nd St, Los Angeles, CA",0,198
1198,1450000001198,Hero Shop ,,(213) 265-7561,0,"130 E 6th St, Los Angeles, CA",0,199
1693,1450000001693,Mazza Luna ,,(415) 829-2730,0,"810 S Van Ness Street, San Francisco, CA",0,200
2548,1450000002548,Suwanasak Thai Cuisine ,3.7,(608) 270-4440,53,"811 S. Gammon Rd., Madison, WI",0,201
1214,1450000001214,Honey B ,,(415) 221-1668,0,"2201 Clement Street, San Francisco, CA",0,202
512,1450000000512,Cassell's Hamburgers ,3.8,(213) 387-5502,53,"3600 W 6th St, Los Angeles, CA",0,203
57,1450000000057,Al's Place ,2.8,(415) 416-6136,6,"1499 Valencia Street, San Francisco, CA",0,204
1023,1450000001023,Frida Tacos ,3.2,(323) 549-4666,12,"7217 Melrose, Los Angeles, CA",0,205
335,1450000000335,Blu Jam Cafe ,4.2,(323) 951-9191,128,"7371 Melrose Ave, Los Angeles, CA",0,206
2275,1450000002275,Rolling Pin Bake Shop ,3.6,(608) 270-9611,69,"2935 S Fish Hatchery Rd, Fitchburg, WI",0,207
2904,1450000002904,Watertower Chop House ,3.1,(608) 318-1857,21,"109 W Main St, Sun Prairie, WI",0,208
1889,1450000001889,Novela ,2.7,(415) 896-6500,5,"662 Mission Street, San Francisco, CA",0,209
822,1450000000822,Durty Nelly's ,3.3,(415) 664-2555,26,"2328 Irving Street, San Francisco, CA",0,210
496,1450000000496,Carmine's ,3.8,(212) 221-3800,1985,"200 W 44th Street, New York, NY",0,211
1494,1450000001494,Lady M Cake Boutique ,3.7,(212) 452-2222,117,"41 E 78th St, New York, NY",0,212
1178,1450000001178,Harold's Chicken Shack ,3.5,(608) 819-8010,38,"707 S. Gammon Rd, Madison, WI",0,213
2812,1450000002812,Tous Les Jours ,2.8,(212) 967-9661,6,"31 West 32nd Street, New York, NY",0,214
1108,1450000001108,Gordo Taqueria ,3.3,(415) 668-8226,63,"5450 Geary Boulevard, San Francisco, CA",0,215
680,1450000000680,Curd Girl ,3.0,(608) 555-5555,6,"100 State St, Madison, WI",0,216
1110,1450000001110,Gotham New York Bagels & Eats ,3.7,(608) 467-7642,120,"112 E Mifflin St, Madison, WI",0,217
29,1450000000029,9th Street Pizza ,,(213) 627-7798,0,"231 E 9th St, Los Angeles, CA",0,218
1513,1450000001513,Las Fuentes ,3.4,(773) 935-2004,50,"2558 N. Halsted Street, Chicago, IL",0,219
620,1450000000620,Cocohodo Wilshire ,,(213) 382-8943,0,"3500 W 6th St, Los Angeles, CA",0,220
2486,1450000002486,State Street Brats ,3.4,(608) 255-5544,152,"603 State St, Madison, WI",0,221
222,1450000000222,Bar Pastoral ,3.8,(773) 472-4781,73,"2947 N. Broadway Street, Chicago, IL",0,222
946,1450000000946,Fast Wok ,,(608) 833-6738,0,"106 W Towne Mall, Madison, WI",0,223
2873,1450000002873,Vibe ,,(213) 268-9948,0,"721 S Western Ave, Los Angeles, CA",0,224
1719,1450000001719,Mediterranean Cafe ,3.9,(608) 251-8510,127,"625 State St, Madison, WI",0,225
1682,1450000001682,Masa of Echo Park ,4.1,(213) 989-1558,336,"1800 W Sunset Blvd, Los Angeles, CA",0,226
250,1450000000250,Bean & Bean ,,(212) 422-8083,0,"71 Broadway, New York, NY",0,227
137,1450000000137,Aroma Bar and Grill ,3.1,(323) 850-8120,7,"7373 W Sunset Blvd, Los Angeles, CA",0,228
977,1450000000977,Five Guys Burgers and Fries ,3.6,(608) 255-2520,167,"517 State St., Madison, WI",0,229
440,1450000000440,Cafe Costa Rica ,3.7,(608) 256-9830,118,"1133 Williamson St, Madison, WI",0,230
2465,1450000002465,St. Mary's Pub ,,(415) 529-1325,0,"3845 Mission Street, San Francisco, CA",0,231
459,1450000000459,Cafe Zoma ,2.9,(608) 246-2009,13,"2326 Atwood Ave, Madison, WI",0,232
533,1450000000533,Cheba Hut ,3.3,(608) 819-8485,34,"453 W Gilman St, Madison, WI",0,233
2882,1450000002882,Village Pizzeria ,3.8,(323) 465-5566,157,"131 N Larchmont Blvd, Los Angeles, CA",0,234
2535,1450000002535,Sushi Boat ,3.3,(415) 781-5111,71,"389 Geary Street, San Francisco, CA",0,235
2266,1450000002266,Roast Public House ,3.5,(608) 260-0088,46,"529 State St, Madison, WI",0,236
1940,1450000001940,Oriental Wok ,3.1,(608) 255-1288,13,"532 S Park St, Madison, WI",0,237
836,1450000000836,EDO Japanese Restaurant ,3.6,(608) 268-0247,142,"532 S Park St, Madison, WI",0,238
1746,1450000001746,Mickey's Tavern ,3.9,(608) 251-9964,118,"1524 Williamson St, Madison, WI",0,239
2584,1450000002584,Taco in a Bag ,2.6,(773) 954-2114,6,"4703 N. Lincoln Avenue, Chicago, IL",0,240
21,1450000000021,5A5 Steak Lounge ,3.7,(415) 989-2539,95,"244 Jackson Street, San Francisco, CA",0,241
2531,1450000002531,Supply House ,,(646) 861-3585,0,"1647 2nd Avenue, New York, NY",0,242
1148,1450000001148,Gumbo Pot ,3.5,(323) 933-0358,57,"6333 W 3rd St, Los Angeles, CA",0,243
1833,1450000001833,Nature's Bakery Cooperative ,3.0,(608) 257-3649,6,"1019 Williamson St, Madison, WI",0,244
2193,1450000002193,Quivey's Grove ,3.6,(608) 273-4900,265,"6261 Nesbitt Rd, Fitchburg, WI",0,245
2538,1450000002538,Sushi Express ,2.8,(608) 467-9688,5,"610 University Ave, Madison, WI",0,246
2432,1450000002432,Son of a Gun Restaurant ,4.1,(323) 782-9033,199,"8370 W 3rd St, Los Angeles, CA",0,247
1847,1450000001847,New Fortune Dim Sum And Cafe ,3.1,(415) 399-1511,15,"811 Stockton Street, San Francisco, CA",0,248
1320,1450000001320,JD's ,3.3,(608) 444-1590,25,"N Broom St & State St, Madison, WI",0,249
1969,1450000001969,Palermo Ristorante Italiano ,3.7,(323) 663-1178,178,"1858 N Vermont Ave, Los Angeles, CA",0,250
2204,1450000002204,Ramen Hayatemaru ,,(310) 212-0055,0,"11678 W Olympic Blvd, Los Angeles, CA",0,251
1659,1450000001659,Manos Nouveau ,,(415) 638-6109,0,"3115 22nd Street, San Francisco, CA",0,252
346,1450000000346,Blue Velvet Lounge ,3.2,(608) 250-9900,26,"430 W Gilman St, Madison, WI",0,253
2258,1450000002258,Rising Sons ,3.7,(608) 661-4334,74,"617 State St, Madison, WI",0,254
841,1450000000841,Einstein Bros Bagels ,3.0,(608) 242-9889,26,"3904 E Washington Ave, Madison, WI",0,255
2735,1450000002735,The Meatball Shop ,3.3,(212) 257-6121,17,"1462 2nd Avenue, New York, NY",0,256
1657,1450000001657,Manna Korean Restaurant ,3.9,(415) 665-5969,39,"845 Irving Street, San Francisco, CA",0,257
1490,1450000001490,La Salsa Fresh Mexican Grill ,2.8,(310) 234-8338,10,"10800 W Pico Blvd, Los Angeles, CA",0,258
1652,1450000001652,Mamoun's Falafel ,4.0,(212) 674-8685,548,"119 MacDougal Street, New York, NY",0,259
2333,1450000002333,Samba Grill Cafe ,,(213) 749-0260,0,"735 E 12th St, Los Angeles, CA",0,260
1784,1450000001784,Mom's Old Recipe ,3.3,(773) 467-1009,31,"5760 N. Milwaukee Avenue, Chicago, IL",0,261
244,1450000000244,Batter & Berries ,3.7,(773) 248-7710,140,"2748 N. Lincoln Avenue, Chicago, IL",0,262
2944,1450000002944,Wings Over Madison ,3.6,(608) 467-3300,42,"2739 University Ave, Madison, WI",0,263
2936,1450000002936,Willalby's Cafe ,3.6,(608) 259-9032,53,"1351 Williamson St, Madison, WI",0,264
598,1450000000598,Chutney ,3.5,(415) 931-5541,60,"511 Jones Street, San Francisco, CA",0,265
105,1450000000105,Anima Pizza & Pasta ,3.1,(213) 738-0799,7,"698 S Vermont Ave, Los Angeles, CA",0,266
2908,1450000002908,Weary Traveler Freehouse ,4.3,(608) 442-6207,644,"1201 Williamson St, Madison, WI",0,267
863,1450000000863,El Norteno Tacos ,3.0,(415) 756-1220,11,"801 Bryant Street, San Francisco, CA",0,268
2705,1450000002705,The Escondite ,3.2,(213) 626-1800,17,"410 Boyd St, Los Angeles, CA",0,269
2846,1450000002846,Umami Food Cart ,3.0,(608) 819-6319,4,"700 State St, Madison, WI",0,270
2305,1450000002305,Ruth's Chris Steak House ,3.4,(608) 828-7884,111,"2137 Deming Way, Middleton, WI",0,271
1371,1450000001371,Jordan's Big Ten Pub ,3.7,(608) 251-6375,94,"1330 Regent St, Madison, WI",0,272
1202,1450000001202,Hill and Bay ,3.3,(212) 245-5554,23,"581 2nd Avenue, New York, NY",0,273
1411,1450000001411,Khan Toke Thai House ,3.7,(415) 668-6654,109,"5937 Geary Boulevard, San Francisco, CA",0,274
2872,1450000002872,Via Lima ,,(773) 348-4900,0,"4024 N. Lincoln Avenue, Chicago, IL",0,275
737,1450000000737,Desi Deli ,3.0,(212) 399-9007,8,"724 10th Avenue, New York, NY",0,276
2499,1450000002499,Stout Restaurant & Bar ,3.5,(212) 629-6191,159,"133 W 33rd Street, New York, NY",0,277
361,1450000000361,Bom Bolla ,3.1,(773) 698-6601,5,"1501 N. Milwaukee Avenue, Chicago, IL",0,278
2307,1450000002307,Sa Bai Thong ,3.6,(608) 238-3100,287,"2840 University Ave, Madison, WI",0,279
2375,1450000002375,Semiramis ,3.8,(773) 279-8900,158,"4639 N. Kedzie Avenue, Chicago, IL",0,280
153,1450000000153,Athens Gyros ,,(608) 246-7733,0,"1860 E Washington Ave, Madison, WI",0,281
853,1450000000853,El Cid ,3.7,(773) 395-0505,177,"2645 N. Kedzie Avenue, Chicago, IL",0,282
2184,1450000002184,Qdoba Mexican Grill ,3.4,(608) 280-8720,48,"548 State St, Madison, WI",0,283
2649,1450000002649,Teddywedgers ,3.7,(608) 230-5360,45,"101 State St, Madison, WI",0,284
874,1450000000874,El Rinconcito Cubano ,3.4,(773) 489-4440,34,"3248 W. Fullerton Avenue, Chicago, IL",0,285
2577,1450000002577,Taco Bell ,,(608) 249-7312,0,"4120 E Washington Ave, Madison, WI",0,286
2847,1450000002847,Umami Ramen & Dumpling Bar ,3.7,(608) 819-6319,151,"923 Williamson St., Madison, WI",0,287
1379,1450000001379,Julep ,,1247,0,"827 E Washington Ave, Madison, WI",0,288
543,1450000000543,Chez Nanou ,3.2,(608) 283-4266,21,"805 Williamson St, Madison, WI",0,289
2463,1450000002463,Spur Tree Lounge ,2.9,(212) 477-9977,7,"74 Orchard Street, New York, NY",0,290
1252,1450000001252,Ian's Pizza ,4.0,(608) 257-9248,513,"100 State St, Madison, WI",0,291
123,1450000000123,Arby's ,2.8,(608) 274-6205,13,"601 S Gammon Rd, Madison, WI",0,292
589,1450000000589,Chop Stop ,,(424) 274-3500,0,"8717 Santa Monica Blvd, West Hollywood, CA",0,293
2969,1450000002969,Yang Chow ,3.8,(213) 625-0811,344,"819 N Broadway, Los Angeles, CA",0,294
1537,1450000001537,Leelin Bakery & Cafe ,3.3,(213) 382-2351,17,"209 S Vermont Ave, Los Angeles, CA",0,295
1737,1450000001737,Metro Diner ,4.1,(212) 866-0800,149,"2641 Broadway, New York, NY",0,296
200,1450000000200,Bahn Thai Restaurant ,3.8,(608) 256-0202,90,"944 Williamson St, Madison, WI",0,297
1281,1450000001281,Irish Pub ,2.9,(608) 256-6071,8,"317 State St Ste A, Madison, WI",0,298
1004,1450000001004,Fosdal Home Bakery ,4.6,(608) 873-3073,82,"243 E Main St, Stoughton, WI",0,299
1728,1450000001728,Men Oh ,2.6,(415) 386-8802,4,"5120 Geary Boulevard, San Francisco, CA",0,300
100,1450000000100,Angel Cafe & Deli ,3.1,(415) 931-3467,12,"700 Geary Street, San Francisco, CA",0,301
73,1450000000073,Alta CA ,2.9,(415) 590-2585,13,"1420 Market Street, San Francisco, CA",0,302
2621,1450000002621,Taqueria Los Comales ,2.9,(773) 276-0627,8,"2148 N. Milwaukee Avenue, Chicago, IL",0,303
1491,1450000001491,La Santaneca ,3.5,(415) 648-1034,61,"3781 Mission Street, San Francisco, CA",0,304
5369,1445980005370,The Vape Shop ,5.0,(323) 496-9288,316,"125 N Western Ave, Los Angeles, CA 90004",1,305
2770,1445980002771,La Oaxaque̱a ,4.0,(415) 621-5446,418,"2128 Mission St, San Francisco, CA 94110",1,306
4567,1445980004568,Siggy�۪s Good Food ,4.5,(212) 226-5775,308,"292 Elizabeth St, New York, NY 10012",1,307
4043,1445980004044,Pork & Mindy�۪s ,,(844) 573-6737,0,"1623 N Milwaukee Ave, Chicago, IL 60647",1,308
5254,1445980005255,The Mid ,2.0,(312) 265-3990,260,"306 N Halsted St, Chicago, IL 60661",1,309
653,1445980000654,Blue Fin ,3.5,(212) 918-1400,661,"1567 Broadway, New York, NY 10036",1,310
571,1445980000572,Big Bricks ,4.0,(773) 525-5022,245,"3832 N Lincoln Ave, Chicago, IL 60613",1,311
4058,1445980004059,Potbelly Sandwich Shop ,4.0,(312) 428-2971,32,"200 S Michigan Ave, Chicago, IL 60604",1,312
5845,1445980005846,Yummy Yummy ,4.0,(415) 566-4722,1027,"1015 Irving St, San Francisco, CA 94122",1,313
250,1445980000251,AOC ,4.0,(310) 859-9859,1592,"8700 W 3rd St, Los Angeles, CA 90048",1,314
2596,1445980002597,Karyn�۪s Fresh Corner Raw ,3.5,(312) 255-1590,222,"1901 N Halsted St, Chicago, IL 60614",1,315
1618,1445980001619,Elsing�۪s 2nd Hand Shop ,5.0,(608) 873-8997,4,"421 E Main St, Stoughton, WI 53589",1,316
2860,1445980002861,Le Comptoir ,4.5,(213) 290-0750,44,"3606 W 6th St, Los Angeles, CA 90020",1,317
4399,1445980004400,Sake Lounge ,3.5,(608) 467-7770,2,"406 W Gilman St, Madison, WI 53703",1,318
2482,1445980002483,Jeta Skin Care and Laser Center ,2.0,(312) 226-1851,34,"1851 W Grand Ave, Chicago, IL 60622",1,319
4427,1445980004428,San Dong Best ,4.0,(415) 668-5888,34,"3741 Geary Blvd, San Francisco, CA 94118",1,320
411,1445980000412,Bambou Le Pho ,4.0,(323) 848-8881,469,"8351 Santa Monica Blvd, West Hollywood, CA 90069",1,321
5462,1445980005463,Toys R Us ,3.5,(646) 366-8800,390,"1514 Broadway, New York, NY 10036",1,322
3904,1445980003905,Phoenix Hotel ,4.0,(415) 212-8141,197,"601 Eddy Street, San Francisco, CA 94109",1,323
2327,1445980002328,IGo VeGo ,,(608) 658-7081,0,"1219 N Sherman Ave, Madison, WI 53704",1,324
4717,1445980004718,St Vincent De Paul Stores ,3.5,(608) 257-0673,24,"1309 Williamson St, Madison, WI 53703",1,325
3156,1445980003157,Marquee New York ,2.5,(646) 473-0202,133,"289 10th Ave, New York, NY 10001",1,326
499,1445980000500,Beau Ideal House of Beauty ,5.0,(323) 369-6904,24,"714 S Los Angeles St, Los Angeles, CA 90014",1,327
3519,1445980003520,New World Market ,4.0,(415) 751-8810,100,"5641 Geary Blvd, San Francisco, CA 94121",1,328
1160,1445980001161,Chunju Han,4.0,(213) 480-1799,483,"3450 W 6th St, Los Angeles, CA 90020",1,329
4623,1445980004624,Soga Shabu Shabu ,3.5,(608) 819-6780,34,"508 State St, Madison, WI 53703",1,330
5459,1445980005460,Tortas Los Picudos ,4.5,(415) 824-4199,218,"2969 24th St, San Francisco, CA 94110",1,331
423,1445980000424,BAR Ama ,4.0,(213) 687-8002,663,"118 W 4th St, Los Angeles, CA 90013",1,332
5200,1445980005201,The Hot Spot ,4.0,(415) 355-9800,54,"1414 Market St, San Francisco, CA 94102",1,333
5509,1445980005510,Tutto Pasta State Street ,3.0,(608) 960-9980,99,"305 State St, Madison, WI 53703",1,334
1614,1445980001615,Ella�۪s Deli ,3.0,(608) 241-5291,165,"2902 E Washington Ave, Madison, WI 53704",1,335
5024,1445980005025,Tex Tubb�۪s Taco Palace ,3.5,(608) 242-1800,171,"2009 Atwood Ave, Madison, WI 53704",1,336
4138,1445980004139,Quarters Korean BBQ ,4.5,(213) 365-8111,599,"3465 W 6th St, Los Angeles, CA 90020",1,337
2096,1445980002097,Ha Long Bay Vietnamese & Thai Bistro ,4.0,(608) 255-2868,325,"1353 Williamson St, Madison, WI 53703",1,338
3826,1445980003827,Pasta Moto ,3.5,(415) 546-6686,176,"845 Market St, San Francisco, CA 94103",1,339
3221,1445980003222,Men Oh Tokushima Ramen ,4.0,(213) 687-8485,682,"456 E 2nd St, Los Angeles, CA 90012",1,340
2982,1445980002983,Lost Coast Outfitters ,5.0,(415) 483-2278,11,"550 Montgomery St, San Francisco, CA 94111",1,341
3468,1445980003469,Naf Naf Grill ,4.0,(608) 256-0071,14,"555 State St, Madison, WI 53703",1,342
1863,1445980001864,Froma on Melrose ,4.5,(323) 653-3700,179,"7960 Melrose Ave, Los Angeles, CA 90046",1,343
583,1445980000584,Bill D.'s review of Chez Delisay Cajun Cuisin,5.0,(872) 806-0986,25,"6621 N Clark St, Chicago, IL 60626",1,344
3723,1445980003724,Ostrich Farm ,4.0,(213) 537-0657,83,"1525 W Sunset Blvd, Los Angeles, CA 90026",1,345
3122,1445980003123,Mapo Kkak Doo Gee Restaurant ,4.0,(213) 736-6668,208,"3611 W 6th St, Los Angeles, CA 90020",1,346
4450,1445980004451,Sapp Coffee Shop ,4.5,(323) 665-1035,545,"5183 Hollywood Blvd, Los Angeles, CA 90027",1,347
2470,1445980002471,Jeremy K.'s review of Goodman's Jeweler,4.0,(608) 257-3644,13,"220 State St, Madison, WI 53703",1,348
1685,1445980001686,Fahlstrom�۪s Fresh Fish Market ,4.0,(773) 281-6000,154,"1258 W Belmont Ave, Chicago, IL 60657",1,349
1321,1445980001322,Crossroads Trading Co. ,3.5,(773) 227-5300,108,"1519 N Milwaukee Ave, Chicago, IL 60622",1,350
2390,1445980002391,J J Fish ,,(773) 533-1995,0,"816 N Kedzie Ave, Chicago, IL 60651",1,351
2249,1445980002250,Hong Kong Lounge ,3.5,(415) 668-8836,1215,"5322 Geary Blvd, San Francisco, CA 94121",1,352
1143,1445980001144,Chop Shop II ,4.5,(646) 964-5672,32,"41 W 24th St, New York, NY 10010",1,353
1889,1445980001890,Gam Ja Gol ,4.0,(213) 381-6446,213,"3003 W Olympic Blvd, Los Angeles, CA 90006",1,354
4263,1445980004264,Riposo 46 ,4.0,(929) 220-3952,269,"667 9th Ave, New York, NY 10036",1,355
471,1445980000472,Bath & Body Works ,4.5,(608) 826-0626,3,"23 W Towne Mall, Madison, WI 53719",1,356
2562,1445980002563,K & G Jewelers ,4.5,(415) 751-2712,72,"5520 Geary Blvd, San Francisco, CA 94121",1,357
2779,1445980002780,LA Sands Boxing Gym ,4.0,(213) 909-7029,12,"515 E 4th St, Los Angeles, CA 90013",1,358
4056,1445980004057,Pot Pan ,3.5,(773) 862-6990,325,"1362 N Milwaukee Ave, Chicago, IL 60642",1,359
1040,1445980001041,Chang Jiang Chinese Restaurant ,3.0,(608) 278-1818,16,"646 S Gammon Rd, Madison, WI 53719",1,360
4000,1445980004001,Plan B ,3.0,(608) 257-5262,54,"924 Williamson St, Madison, WI 53703",1,361
5075,1445980005076,The Black Sheep ,4.0,(213) 689-5022,747,"126 E 6th St, Los Angeles, CA 90013",1,362
3055,1445980003056,Mad Cat Pet Supply ,5.0,(608) 255-4450,32,"1012 Williamson St, Madison, WI 53703",1,363
5146,1445980005147,The Eddy ,4.5,(646) 895-9884,174,"342 E 6th St, New York, NY 10003",1,364
5535,1445980005536,Umami Burger ,4.0,(415) 440-8626,1785,"2184 Union St, San Francisco, CA 94123",1,365
2261,1445980002262,Hopwater Distribution ,4.5,1445980000000,353,"850 Bush St, San Francisco, CA 94108",1,366
2818,1445980002819,Lao Laan,3.5,(608) 819-0140,68,"2098 Atwood Ave, Madison, WI 53704",1,367
4642,1445980004643,Soot Bull Jeep ,4.0,(213) 387-3865,721,"3136 W 8th St, Los Angeles, CA 90005",1,368
4751,1445980004752,Stephanie S.'s review of The Kombucha Sho,5.0,1445980000000,1,"1418 South Park St, Madison, WI 53715",1,369
3696,1445980003697,Oriental Wok ,3.0,(608) 255-1288,12,"532 S Park St, Madison, WI 53715",1,370
958,1445980000959,Capriotti�۪s Sandwich Shop ,3.5,(608) 833-5551,31,"610 Junction Rd, Madison, WI 53717",1,371
5843,1445980005844,Yum Yum Bangkok ,3.5,(212) 262-7244,450,"650 9th Ave, New York, NY 10036",1,372
1132,1445980001133,Cho Oishi ,2.5,(323) 464-0500,119,"6801 Hollywood Blvd, Los Angeles, CA 90028",1,373
3057,1445980003058,Mad City Frites ,4.0,(608) 204-6150,39,"320 State St, Madison, WI 53703",1,374
2953,1445980002954,Local Mission Eatery ,3.5,(415) 655-3422,407,"3111 24th St, San Francisco, CA 94110",1,375
1991,1445980001992,Good Luck Dim Sum ,4.0,(415) 386-3388,1137,"736 Clement St, San Francisco, CA 94118",1,376
1482,1445980001483,Don the Car Care Man ,3.0,(608) 467-0602,2,"2008 University Ave, Madison, WI 53726",1,377
5731,1445980005732,Which Wich ,4.0,(608) 709-1094,14,"411 State St, Madison, WI 53703",1,378
1197,1445980001198,Club Puertorriqueno De San Francisco ,4.0,(415) 920-9606,1,"3249 Mission St, San Francisco, CA 94110",1,379
325,1445980000326,At nine Restaurant & Bar ,4.0,(212) 265-4499,197,"592 9th Ave, New York, NY 10036",1,380
4459,1445980004460,Sarku Japan ,3.0,(608) 836-0818,2,"108 W Towne Mall, Madison, WI 53719",1,381
2584,1445980002585,Kang Ho Dong Baekjeong ,4.5,(213) 384-9678,2002,"3465 W 6th St, Los Angeles, CA 90020",1,382
2809,1445980002810,Lan Larb ,4.0,(212) 889-1769,65,"637 2nd Ave, New York, NY 10016",1,383
4449,1445980004450,Sapori Trattoria ,4.5,(312) 967-9358,1299,"2701 N Halsted St, Chicago, IL 60614",1,384
1988,1445980001989,Good Food ,5.0,(608) 217-5227,39,"33 E Main St, Madison, WI 53703",1,385
3518,1445980003519,New Wong Rest ,4.0,(646) 878-9474,16,"103 E Broadway, New York, NY 10002",1,386
5368,1445980005369,The Up & Up ,4.0,(212) 260-3000,42,"116 MacDougal St, New York, NY 10012",1,387
3247,1445980003248,Met Photo ,5.0,(212) 869-6960,2,"1500 Broadway, New York, NY 10036",1,388
2691,1445980002692,Kopi Kopi NYC ,3.5,(212) 777-7285,224,"68 W 3rd St, New York, NY 10012",1,389
340,1445980000341,Au Lac DTLA ,4.5,(213) 617-2533,175,"710 W 1st St, Los Angeles, CA 90012",1,390
2852,1445980002853,Lazy Jane�۪s ,4.0,(608) 257-5263,184,"1358 Williamson St, Madison, WI 53703",1,391
2248,1445980002249,Hong Kong Clay Pot Restaurant ,3.5,(415) 989-2638,547,"960 Grant Ave, San Francisco, CA 94108",1,392
3550,1445980003551,Nina O.'s review of Ten Pin Alle,3.5,(608) 845-1010,16,"6285 Nesbitt Rd, Fitchburg, WI 53719",1,393
2400,1445980002401,Jack N Jill�۪s Too ,4.0,(310) 858-4900,553,"8738 W 3rd St, Los Angeles, CA 90048",1,394
2821,1445980002822,Lao Laan,4.0,(608) 280-0104,212,"1146 Williamson St, Madison, WI 53703",1,395
5668,1445980005669,Wah Kee Wonton Noodle ,4.0,(608) 255-5580,105,"600 Williamson St, Madison, WI 53703",1,396
5237,1445980005238,The Little Easy ,4.0,(213) 628-3113,128,"216 W 5th St, Los Angeles, CA 90013",1,397
487,1445980000488,BCD Tofu House ,4.0,(213) 382-6677,1894,"3575 Wilshire Blvd, Los Angeles, CA 90010",1,398
2619,1445980002620,Kelly E.'s review of Urban Outfitter,3.5,(608) 258-8818,13,"604 State St, Madison, WI 53703",1,399
1187,1445980001188,Clark St. Ale House ,4.0,(877) 637-7133,241,"742 N Clark St, Chicago, IL 60654",1,400
2118,1445980002119,Han Bat Sul Lung Tang ,4.5,(213) 383-9499,1104,"4163 W 5th St, Los Angeles, CA 90020",1,401
4407,1445980004408,Sali C.'s review of Lao Laan,4.0,(608) 280-0104,212,"1146 Williamson St, Madison, WI 53703",1,402
4603,1445980004604,Smiles Cafe USC ,4.5,1445980000000,20,"844 W 32nd St, Los Angeles, CA 90007",1,403
2751,1445980002752,La Espiga De Oro ,4.5,(415) 826-1363,112,"2916 24th St, San Francisco, CA 94110",1,404
3319,1445980003320,Minas Brazilian Restaurant & Cacha̤aria ,4.0,(415) 626-8727,112,"41 Franklin Street, San Francisco, CA 94102",1,405
4667,1445980004668,South Kawa ,4.0,(773) 940-1238,144,"3417 S Halsted St, Chicago, IL 60608",1,406
2744,1445980002745,La Cocina Boricua de la Familia Galarza ,4.5,(773) 235-7377,202,"2420 W Fullerton Ave, Chicago, IL 60647",1,407
4581,1445980004582,Sixth St Tavern ,4.0,(213) 614-1900,392,"630 W 6th St, Los Angeles, CA 90017",1,408
4685,1445980004686,Spicy BBQ Restaurant ,4.5,(323) 663-4211,397,"5101 Santa Monica Blvd, Los Angeles, CA 90029",1,409
4254,1445980004255,Rick�۪s Olde Gold ,4.0,(608) 257-7280,5,"1314 Williamson St Frnt, Madison, WI 53703",1,410
4825,1445980004826,Sun Nong Dan ,4.5,(213) 365-0303,134,"3470 W 6th St, Los Angeles, CA 90020",1,411
5040,1445980005041,Thank U Pho ,4.5,(213) 380-3223,163,"3522 W 8th St, Los Angeles, CA 90005",1,412
5743,1445980005744,White Oak Oyster Bar & Cocktail Lounge ,4.0,(646) 692-9347,45,"818 10th Ave, New York, NY 10019",1,413
129,1445980000130,Alan Koa Salon & Spa ,3.5,(608) 284-1956,29,"202 State St, Madison, WI 53703",1,414
1561,1445980001562,El Carmen ,4.0,(323) 852-1552,687,"8138 W 3rd St, Los Angeles, CA 90048",1,415
2035,1445980002036,Great Harvest Bread Company ,4.5,(608) 284-9309,16,"3258 University Ave, Madison, WI 53705",1,416
2095,1445980002096,Ha Long Bay Vietnamese & Thai Bistro ,4.0,(608) 255-2868,325,"1353 Williamson St, Madison, WI 53703",1,417
4574,1445980004575,Simone G.'s review of West River Caf,4.0,(773) 866-2133,109,"4400 N Kedzie Ave, Chicago, IL 60625",1,418
450,1445980000451,Barrel Down ,4.0,(213) 232-8657,104,"525 W 7th St, Los Angeles, CA 90014",1,419
4531,1445980004532,Shake Shack ,4.0,(646) 545-4600,646,"215 Murray St, New York, NY 10282",1,420
1421,1445980001422,Delicious Dim Sum ,4.0,(415) 781-0721,561,"752 Jackson St, San Francisco, CA 94133",1,421
974,1445980000975,Carol O.'s review of Old Bus Taver,4.5,(415) 843-1938,41,"3193 Mission St, San Francisco, CA 94110",1,422
613,1445980000614,BJs Kolaches ,,(715) 340-6267,0,"975 University Ave, Madison, WI 53706",1,423
5124,1445980005125,The Crafty Fox Ale House ,4.5,(415) 416-6602,35,"1700 Mission St, San Francisco, CA 94103",1,424
3956,1445980003957,Pizza Di Roma ,3.5,(608) 268-0900,62,"313 State St, Madison, WI 53703",1,425
5793,1445980005794,Wood Spoon ,4.0,(213) 629-1765,1131,"107 W 9th St, Los Angeles, CA 90015",1,426
294,1445980000295,Aroma Restaurant ,4.5,(323) 644-2833,239,"2903 W Sunset Blvd, Los Angeles, CA 90026",1,427
5015,1445980005016,Ten Pin Alley ,3.5,(608) 845-1010,16,"6285 Nesbitt Rd, Fitchburg, WI 53719",1,428
5308,1445980005309,The Real 3rd Street Chicken House ,4.5,(213) 386-1135,22,"4254 W 3rd St, Los Angeles, CA 90020",1,429
2250,1445980002251,Hong Kong Lounge II ,3.5,(415) 668-8802,514,"3300 Geary Blvd, San Francisco, CA 94118",1,430
2622,1445980002623,Ken S.'s review of Sai Jai Thai Restauran,4.0,(415) 673-5774,669,"771 O'Farrell St, San Francisco, CA 94109",1,431
4132,1445980004133,Quaker Steak & Lube ,3.5,(608) 831-5823,92,"2259 Deming Way, Middleton, WI 53562",1,432
618,1445980000619,Black Tree ,4.0,(212) 533-4684,262,"131 Orchard St, New York, NY 10002",1,433
1565,1445980001566,El Cochinito Restaurant ,4.0,(323) 668-0737,383,"3508 W Sunset Blvd, Los Angeles, CA 90026",1,434
2591,1445980002592,Karen & Co ,3.5,(608) 258-5500,3,"309 State St, Madison, WI 53703",1,435
1038,1445980001039,Chang Jiang ,2.0,(608) 278-1818,2,"646 S Gammon Rd, Madison, WI 53719",1,436
3965,1445980003966,Pizza Hut ,,(662) 782-8378,0,"662 State St, Madison, WI 53703",1,437
5198,1445980005199,The Heights Deli & Bottle Shop ,4.5,(323) 223-0708,99,"2927 N Broadway, Los Angeles, CA 90031",1,438
3006,1445980003007,Lucha Lucha ,4.5,(929) 273-2380,82,"283 Nostrand Ave, Brooklyn, NY 11216",1,439
4537,1445980004538,Shanghai Asian Manor ,4.0,(212) 766-6311,678,"21 Mott St, New York, NY 10013",1,440
5059,1445980005060,The Bad Apple ,4.0,(773) 360-8406,1073,"4300 N Lincoln Ave, Chicago, IL 60618",1,441
5089,1445980005090,The Brass Ring ,3.5,(608) 256-9359,39,"701 E Washington Ave, Madison, WI 53703",1,442
3913,1445980003914,Pica Pica Arepa Kitchen ,4.0,(415) 400-5453,909,"401 Valencia St, San Francisco, CA 94103",1,443
1473,1445980001474,Dok Dok Chicken ,4.0,(213) 351-9963,49,"401 S Vermont Ave, Los Angeles, CA 90020",1,444
2251,1445980002252,Hong Kong Station ,3.5,(608) 661-8288,27,"1441 Regent St, Madison, WI 53711",1,445
1526,1445980001527,Ear Wax Records ,5.0,(608) 257-6402,5,"254 W Gilman St, Madison, WI 53703",1,446
4679,1445980004680,Spear Steak & Seafood House ,4.0,(213) 688-3000,306,"800 W 6th St, Los Angeles, CA 90017",1,447
1378,1445980001379,Dan Sung Sa ,4.0,(213) 487-9100,497,"3317 W 6th St, Los Angeles, CA 90020",1,448
2245,1445980002246,Hong Kong Buffet ,,(608) 240-0762,0,"2817 E Washington Ave, Madison, WI 53704",1,449
3507,1445980003508,New Golden Daisy ,4.0,(415) 392-0111,163,"1041 Stockton St, San Francisco, CA 94108",1,450
670,1445980000671,Blum�۪s Trophies LLC ,,(608) 256-8296,0,"130 State St, Madison, WI 53703",1,451
3056,1445980003057,Mad City Crabhouse ,1.0,1445980000000,2,"122 State St, Madison, WI 53774",1,452
1491,1445980001492,Dotty Dumpling�۪s Dowry ,4.0,(608) 259-0000,305,"317 N Frances St, Madison, WI 53703",1,453
3933,1445980003934,Pio Pio ,4.0,(212) 459-2929,1383,"604 10th Ave, New York, NY 10036",1,454
3695,1445980003696,Orient House ,3.5,(608) 571-6512,70,"626 S Park St, Madison, WI 53715",1,455
1381,1445980001382,Danger Dogs ,4.5,1445980000000,18,"415 W 8th St, Los Angeles, CA 90006",1,456
2305,1445980002306,Husky Hog BBQ ,4.5,(773) 442-2769,130,"335 W 31st St, Chicago, IL 60616",1,457
1667,1445980001668,Etcetera Etcetera ,4.0,(212) 399-4141,276,"352 W 44th St, New York, NY 10036",1,458
4367,1445980004368,Ruth�۪s Chris Steak House ,3.5,(608) 828-7884,66,"2137 Deming Way, Middleton, WI 53562",1,459
1989,1445980001990,Good Food ,5.0,(608) 217-5227,39,"33 E Main St, Madison, WI 53703",1,460
2554,1445980002555,Jun Won Restaurant ,4.5,(213) 383-8855,187,"3100 W 8th St, Los Angeles, CA 90005",1,461
5732,1445980005733,Which Wich ,3.5,(608) 836-9424,25,"2177 Deming Way, Middleton, WI 53562",1,462
4721,1445980004722,St. Thomas Church Fifth Avenue ,4.5,(212) 757-7013,16,"1 West 53rd St, New York, NY 10019",1,463
5655,1445980005656,VIP ,4.0,(608) 831-5555,98,"6718-6722 Odana Rd, Madison, WI 53719",1,464
2788,1445980002789,La Taqueria ,4.0,(415) 285-7117,2312,"2889 Mission St, San Francisco, CA 94110",1,465
1443,1445980001444,Dim Sum Club ,4.0,(415) 529-2615,98,"2550 Van Ness Ave, San Francisco, CA 94109",1,466
227,1445980000228,Angie M.'s review of Small Cheva,4.0,1445980000000,107,"1732 N Milwaukee Ave, Chicago, IL 60647",1,467
4428,1445980004429,San Francisco Bay Flowers ,1.0,(415) 643-6519,1,"801 N Point St, San Francisco, CA 94109",1,468
3556,1445980003557,Nitty Gritty Birthday Bar ,3.0,(608) 251-2521,94,"223 N Frances St, Madison, WI 53703",1,469
3603,1445980003604,NTS News ,,(917) 796-5264,0,"224 W 35th St, New York, NY 10001",1,470
1146,1445980001147,Chris A.'s review of Arts and Crafts Beer Parlo,4.5,(646) 678-5263,102,"26 W 8th St, New York, NY 10011",1,471
984,1445980000985,Casa Chocolate ,4.0,(323) 734-7679,103,"3319 W Pico Blvd, Los Angeles, CA 90019",1,472
4842,1445980004843,Super Duper Burgers ,4.0,(415) 558-8123,928,"2304 Market St, San Francisco, CA 94114",1,473
1026,1445980001027,Cha Cha Cha ,4.0,(415) 386-7670,2627,"1801 Haight St, San Francisco, CA 94117",1,474
1342,1445980001343,Cup & Cup ,4.5,(646) 398-9990,145,"15 E 31st St, New York, NY 10016",1,475
5428,1445980005429,Toe Bang Cafe ,4.0,(213) 387-4905,557,"3465 W 6th St, Ste 110, Los Angeles, CA 90020",1,476
3930,1445980003931,Ping Pong ,3.5,(773) 281-7575,481,"3322 N Broadway St, Chicago, IL 60657",1,477
2264,1445980002265,Hot Soup Cart ,4.5,1445980000000,2,"51st St & Broadway, New York, NY 10019",1,478
4316,1445980004317,Rosalie L.'s review of Uncharted Book,4.0,1445980000000,37,"2630 N Milwaukee Ave, Chicago, IL 60647",1,479
3322,1445980003323,Ming Moon ,2.5,(608) 835-2163,7,"787 N Main St, Oregon, WI 53575",1,480
1829,1445980001830,Franco On Melrose ,4.0,(323) 934-3390,608,"6919 Melrose Ave, Los Angeles, CA 90038",1,481
4843,1445980004844,Super Duper Burgers ,4.0,(415) 882-1750,804,"783 Mission St, San Francisco, CA 94103",1,482
3542,1445980003543,Nico ,4.0,(415) 359-1000,138,"3228 Sacramento Street, San Francisco, CA 94115",1,483
2585,1445980002586,Kang Ho Dong Baekjeong ,4.5,(213) 384-9678,1981,"3465 W 6th St, Los Angeles, CA 90020",1,484
5235,1445980005236,The Little Door ,4.0,(323) 951-1210,1349,"8164 W 3rd St, Los Angeles, CA 90048",1,485
159,1445980000160,All About the Bread ,4.0,(323) 930-8989,633,"7111 Melrose Ave, Los Angeles, CA 90046",1,486
1065,1445980001066,Cherry Circle Room ,4.0,(312) 792-3515,41,"12 S Michigan Ave, Chicago, IL 60603",1,487
1819,1445980001820,Four Star Video Cooperative ,4.5,(608) 255-1994,19,"449 State St, Madison, WI 53703",1,488
5824,1445980005825,Yang Ban Sul Lung Tang Restaurant ,4.5,(213) 489-4640,94,"716 E 9th Pl, Los Angeles, CA 90021",1,489
1060,1445980001061,Chef Fredy Cuisine ,5.0,(630) 556-1057,7,"1752 W Grand Ave, Chicago, IL 60622",1,490
5534,1445980005535,Umami Buns ,4.0,(608) 819-6319,11,"716-798 State St, Madison, WI 53706",1,491
2952,1445980002953,Local ,4.0,(323) 662-4740,649,"2943 W Sunset Blvd, Los Angeles, CA 90026",1,492
2823,1445980002824,Larchmont Village Wine Spirits & Cheese ,4.5,(323) 856-8699,680,"223 N Larchmont Blvd, Los Angeles, CA 90004",1,493
949,1445980000950,Capital Tap Haus ,3.0,(608) 310-1010,81,"107 State St, Madison, WI 53703",1,494
1912,1445980001913,Gather ,4.5,(773) 506-9300,341,"4539 N Lincoln Ave, Chicago, IL 60625",1,495
3902,1445980003903,Pho Tan Hoa ,4.0,(415) 673-3163,422,"431 Jones St, San Francisco, CA 94102",1,496
1039,1445980001040,Chang Jiang ,3.0,(608) 825-9108,16,"984 W Main St, Sun Prairie, WI 53590",1,497
5826,1445980005827,Yang San Bak ,4.0,(213) 365-9689,202,"3601 W 6th St, Los Angeles, CA 90020",1,498
1036,1445980001037,Chang Jiang ,2.5,(608) 288-1888,14,"2935 S Fish Hatchery Rd, Fitchburg, WI 53711",1,499
742,1445980000743,Brian S.'s review of Hong Kong Loung,3.5,(415) 668-8836,1215,"5322 Geary Blvd, San Francisco, CA 94121",1,500
1218,1445980001219,Colibri Mexican Bistro ,3.5,(415) 440-2737,1601,"438 Geary St, San Francisco, CA 94102",1,501
3945,1445980003946,Pita Pit ,4.0,(608) 819-6722,18,"449 State St, Madison, WI 53703",1,502
3815,1445980003816,Park�۪s BBQ ,4.0,(213) 380-1717,1104,"955 S Vermont Ave, Los Angeles, CA 90006",1,503
2489,1445980002490,Jim L.'s review of Parthenon Gyros Restauran,3.5,(608) 251-6311,97,"316 State St, Madison, WI 53703",1,504
3684,1445980003685,Ora ,4.5,(773) 506-2978,292,"5143 N Clark St, Chicago, IL 60640",1,505
2101,1445980002102,Hae Jang Chon Korean BBQ Restaurant ,4.0,(213) 389-8777,2684,"3821 W 6th St, Los Angeles, CA 90020",1,506
5625,1445980005626,Via Lima ,4.0,(773) 348-4900,39,"4024 N Lincoln Ave, Chicago, IL 60618",1,507
