ltable_id,rtable_id,label,left_id,left_Song_Name,left_Artist_Name,left_Album_Name,left_Genre,left_Price,left_CopyRight,left_Time,left_Released,right_id,right_Song_Name,right_Artist_Name,right_Album_Name,right_Genre,right_Price,right_CopyRight,right_Time,right_Released,id
1409,51560,0,1409,"Illusion ( feat . Echosmith ) Zedd True Colors Dance , Music , Electronic 2015 Interscope Records 6:30",,,,$ 1.29,,,18-May-15,51560,Transmission [ feat . X Ambassadors ] Dance & Electronic $ 1.29 ( C ) 2015 Interscope Records 4:02,Zedd,True Colors,,,,,"May 18 , 2015",1
1289,34035,0,1289,"I 'm a Machine ( feat . Crystal Nicole and Tyrese Gibson ) Dance , Music , Rock , House , Electronic 26-Aug-11",David Guetta,Nothing But the Beat,,$ 1.29,"2011 What A Music Ltd , Licence exclusive Parlophone Music France",3:34,,34035,"I Can Only Imagine ( feat . Chris Brown & Lil Wayne ) David Guetta Dance & Electronic 2015 Real Sounds 3:29 August 26 , 2011",,Nothing But the Beat 2.0 [ Explicit ],,$ 0.99,,,,2
2666,35475,1,2666,Silver and Gold 3:33,Little Big Town,Pain Killer,"Country , Music , Honky Tonk , Contemporary Country",$ 1.29,"2014 Little Big Town , LLC Under exclusive license to Capitol Records Nashville",,21-Oct-14,35475,Silver And Gold Little Big Town Country ( C ) 2014 Little Big Town LLC Under exclusive license to Capitol Records Nashville 3:31,,Pain Killer,,$ 1.29,,,"October 21 , 2014",3
1157,27989,0,1157,"Dangerous ( feat . Sam Martin ) [ Robin Schulz Remix ] [ Radio Edit ] David Guetta Dance , Music , Rock , House , Electronic , French Pop $ 1.29 2014 What A Music Ltd. under exclusive license to Parlophone/Warner Music France , under exclusive license to Atlantic Recording Corporation for the United States . All rights reserved . 24-Nov-14",,Listen ( Deluxe Version ),,,,3:20,,27989,"I 'll Keep Loving you ( feat . Birdy & Jaymes Young ) David Guetta Listen ( Deluxe ) $ 1.29 2015 If Moving Your Mine November 24 , 2014",,,Dance & Electronic,,,3:08,,4
3332,7412,0,3332,"True Colors ( feat . Nicki Minaj ) Wiz Khalifa Hip-Hop/Rap , Music , Rap , East Coast Rap , Hardcore Rap , Rock 4:15 19-Aug-14",,Blacc Hollywood,,$ 1.29,2014 Atlantic Recording Corporation for the United States and WEA International Inc. for the world outside of the United States . A Warner Music Group Company,,,7412,"Still Down ( feat . Chevy Woods & Ty Dolla $ ign ) [ Explicit ] $ 1.29 2014 Atlantic Recording Corporation for the United States and WEA International Inc. for the world outside of the United States . A Warner Music Group Company 4:16 August 19 , 2014",Wiz Khalifa,Blacc Hollywood [ Explicit ],Rap & Hip-Hop,,,,,5
4733,43755,0,4733,Lick It ( Norman Doray Remix ) Lick It ( Remixes ) - EP,Kaskade & Skrillex,,"Dance , Music , Electronic",$ 1.29,"2012 Ultra Records , Inc.",6:14,17-Apr-12,43755,"Take ÌÏ There ( feat . Kiesza ) [ Netsky Remix ] 2010 Robbins Entertainment LLC 3:29 December 23 , 2014",Skrillex & Diplo,Take ÌÏ There ( feat . Kiesza ) [ Remixes ],Dance & Electronic,$ 1.29,,,,6
4733,31618,0,4733,Lick It ( Norman Doray Remix ) Lick It ( Remixes ) - EP,Kaskade & Skrillex,,"Dance , Music , Electronic",$ 1.29,"2012 Ultra Records , Inc.",6:14,17-Apr-12,31618,"Scary Monsters And Nice Sprites ( Phonat Remix ) Skrillex More Monsters And Sprites EP Dance & Electronic , Dubstep $ 1.29 2011 Rory Bourke Music Co. ( BMI )",,,,,,3:39,"June 7 , 2011",7
3949,38669,0,3949,"Whatcha Say ( Klubjumpers Remix Radio ) Jason Derulo Pop , Music , Rock , R&B / Soul , Contemporary R&B , Dance $ 1.29 2011 This Compilation P2011 Warner Bros. . Records Inc. 4:02",,Reloaded,,,,,16-Dec-11,38669,The Sky 's The Limit ( Ayo Remix ) Jason Derulo Reloaded $ 1.29 3:25,,,Pop,,"( C ) 2006 DTP Records , LLC",,"December 16 , 2011",8
2477,1222,0,2477,"Because of Your Love Greatest Hits Country , Music , Contemporary Country , Urban Cowboy $ 0.99",Kenny Chesney,,,,2000 BMG Entertainment,4:16,26-Sep-00,1222,"Ruby , Do n't Take Your Love To Town 2:55",Kenny Rogers,49 All Time Greatest Hits,"Country , Traditional Country , Cowboy",$ 0.89,( c ) 2008 Goldenlane Records,,"August 1 , 2008",9
4056,40142,0,4056,Where Are '`` Now ( with Justin Bieber ) [ Ember Island Remix ] 2:31 16-Jun-15,Skrillex & Diplo,Where Are '`` Now ( with Justin Bieber ) [ Remixes ] - EP,"Dance , Music",$ 1.29,2015 OWSLA / Mad Decent / Atlantic Recording Corporation for the United States and WEA International Inc. for the world outside of the United States . A Warner Music Group Company,,,40142,"Scary Monsters And Nice Sprites ( Zedd Remix ) Skrillex Scary Monsters And Nice Sprites EP [ Explicit ] Electronica , Dance & Electronic , Dubstep $ 1.29 ( c ) 2013 Digitop Ltd",,,,,,5:57,"December 21 , 2010",10
1551,41574,0,1551,Second Chance ( Live Acoustic from Kansas City ) Shinedown $ 1.29 2011 Atlantic Recording Corporation for the United States and WEA International Inc. for the world outside of the United States . 18-Apr-11,,Somewhere In the Stratosphere ( Live ),"Rock , Music , Metal , Alternative , Hard Rock",,,5:06,,41574,"Burning Bright ( Live From Washington State ) Somewhere In The Stratosphere Rock $ 1.29 April 18 , 2011",Shinedown,,,,( C ) 2005 MCA Nashville,3:53,,11
2020,28191,0,2020,"If I Am a Stranger ( Live In Amsterdam ) Ryan Adams Live After Deaf ( Live ) [ Complete Collection ] Singer/Songwriter , Music , Rock $ 0.99 2012 PAXAM RECORDS 5:10 2-Jul-12",,,,,,,,28191,Dear Chicago ( Live in Stockholm ) Live After Deaf ( Collection ) 2012 PAXAM RECORDS,Ryan Adams,,"Folk , Rock",$ 0.99,,2:29,"July 2 , 2012",12
2020,28341,0,2020,"If I Am a Stranger ( Live In Amsterdam ) Ryan Adams Live After Deaf ( Live ) [ Complete Collection ] Singer/Songwriter , Music , Rock $ 0.99 2012 PAXAM RECORDS 5:10 2-Jul-12",,,,,,,,28341,"Carolina Rain ( Live in Cork ) Ryan Adams $ 0.99 2012 PAXAM RECORDS 5:41 August 9 , 2012",,Live After Deaf ( Cork ),"Folk , Rock",,,,,13
2020,28308,0,2020,"If I Am a Stranger ( Live In Amsterdam ) Ryan Adams Live After Deaf ( Live ) [ Complete Collection ] Singer/Songwriter , Music , Rock $ 0.99 2012 PAXAM RECORDS 5:10 2-Jul-12",,,,,,,,28308,16 Days ( Live in Glasgow ) $ 0.99 2012 PAXAM RECORDS 4:31,Ryan Adams,Live After Deaf ( Collection ),"Folk , Rock",,,,"July 2 , 2012",14
1405,55640,0,1405,Autonomy ( Cold Blank Mix ) Autonomy - EP 2011 Bugeyed Records 28-Mar-11,Zedd,,"Dance , Music",$ 0.99,,4:59,,55640,"Autonomy ( Lucky Date Mix ) Zedd Electronica , Dance & Electronic 5:59 March 28 , 2011",,Zedd - Autonomy,,$ 0.99,( C ) 2014 Wolf Tone Limited,,,15
380,33288,0,380,"Closer ( feat . Mike Posner ) Nick Jonas $ 1.29 2014 Island Records , a division of UMG Recordings , Inc. / Safehouse Records , LLC 3:48",,Nick Jonas ( Deluxe Version ),"Pop , Music , Teen Pop , Pop/Rock , Rock",,,,10-Nov-14,33288,"Numb [ feat . Angel Haze ] [ Clean ] Pop $ 1.29 ( C ) 2014 Island Records/Safehouse Records LLC , a division of UMG Recordings , Inc. 3:57",Nick Jonas,Nick Jonas ( Deluxe ) [ Clean ],,,,,"November 10 , 2014",16
4236,27814,0,4236,"Starry Eyed ( AN21 and Max Vangeli Remix ) Starry Eyed ( Remixes ) - EP Dance , Music , Pop , Rock $ 1.29 15-Feb-11",Ellie Goulding,,,,2011 Polydor Ltd. ( UK ),8:14,,27814,"Lights ( Shook Remix ) Ellie Goulding Lights ( The Remixes Part 1 ) Pop 3:49 May 23 , 2011",,,,$ 1.29,( C ) 2011 Polydor Ltd. ( UK ),,,17
1236,50715,0,1236,"Titanium ( Spanish Version ) David Guetta Titanium ( Spanish Version ) - Single Dance , Music , Electronic $ 1.29",,,,,"2012 What A Music Ltd , Licence exclusive Parlophone Music France",3:58,20-Aug-12,50715,"Titanium ( feat . Sia ) [ Cazzette 's Ant Seeking Hamster Mix ] $ 0.99 January 20 , 2012",David Guetta,Titanium ( Feat . Sia ),Dance & Electronic,,"2011 What A Music Ltd , licence exclusive Parlophone Music France",6:37,,18
4823,20588,1,4823,Halcyon Ellie Goulding $ 1.29 ‰ ãÑ 2013 Polydor Ltd. ( UK ),,Halcyon Days ( Deluxe Edition ),"Pop , Music , Dance , Rock",,,3:24,27-Aug-13,20588,"Halcyon Ellie Goulding Pop ( C ) 2013 Polydor Ltd. ( UK ) 3:24 August 27 , 2013",,Halcyon,,$ 1.29,,,,19
1168,34894,0,1168,"Toyfriend ( feat . Wynter Gordon ) [ Continuous Mix Version ] One Love ( Deluxe Version ) Dance , Music $ 1.29 21-Aug-09",David Guetta,,,,2010 Gum Prod licence exclusive Parlophone Music France,2:51,,34894,"Gettin ' Over ( Feat . Chris Willis ; Continuous Mix Version ) David Guetta One Love ( Deluxe Version ) Dance & Electronic ( C ) 2014 Swedish House Mafia Holdings Ltd ( BVI ) under exclusive license to Virgin Records Ltd August 21 , 2009",,,,$ 1.29,,3:31,,20
210,19800,0,210,Slow Down ( Sure Shot Rockers Reggae Dub Remix ) Slow Down ( Reggae Remixes ) - Single $ 1.29 3:15,Selena Gomez,,"Reggae , Music , Electronic , Dance , Rock",,"2013 Hollywood Records , Inc.",,20-Aug-13,19800,Good For You ( Yellow Claw & Cesqeaux Remix ) [ feat . A$ AP Rocky ] Pop $ 1.29,Selena Gomez,Good For You ( Remixes ),,,( C ) 2015 Interscope Records,3:01,"September 4 , 2015",21
5712,35057,1,5712,"Turn Around ( 5,4,3,2,1 ) [ DJ Bam Bam Radio Remix ] Flo Rida $ 1.29 16-Nov-10",,"Turn Around ( 5,4,3,2,1 ) - Deluxe Single","Hip-Hop/Rap , Music , Electronic , Rap , Dirty South , Dance",,‰ ãÑ 2010 Atlantic Recording Corporation for the United States and WEA International Inc. for the world outside of the United States .,3:35,,35057,"Turn Around ( 5,4,3,2,1 ) Flo Rida Only One Flo ( Part 1 ) [ Deluxe ] [ + Video ] [ + Digital Booklet ] Rap & Hip-Hop $ 1.29 2010 Atlantic Recording Corporation for the United States and WEA International Inc. for the world outside of the United States 3:20",,,,,,,"November 26 , 2010",22
303,22290,0,303,"Lifted ( feat . Emeli Sand ' © & Professor Green ) Hotel Cabana ( Deluxe Version ) Pop , Music , Rock , R&B / Soul , Contemporary R&B , Dance,Electronic,Hip-Hop / Rap , Pop/Rock $ 1.29",Naughty Boy,,,,2013 Naughty Boy Recordings Ltd under exclusive licence to Virgin Records Ltd,4:15,6-May-14,22290,"One Way [ feat . Mic Righteous ] Naughty Boy Hotel Cabana ( Deluxe Version ) [ Explicit ] Pop $ 1.29 ( C ) 2014 Naughty Boy Recordings Ltd under exclusive licence to Virgin Records Ltd May 6 , 2014",,,,,,3:26,,23
3346,37611,0,3346,"Young , Wild & Free ( feat . Bruno Mars ) Snoop Dogg Soundtrack,Music,Hip-Hop / Rap , West Coast Rap , Gangsta Rap , Hardcore Rap , Rap , Soundtrack $ 1.99 2011 Atlantic Recording Corporation for the United States and WEA International Inc. for the world outside of the United States",,Mac and Devin Go to High School ( Music from and Inspired By the Movie ) [ Deluxe Version ],,,,4:12,12-Dec-11,37611,"Can You Control Yo Hoe ( Album Version ( Explicit ) ) [ feat . Soopafly ] [ Explicit ] Snoop Dogg R&G ( Rhythm & Gangsta ) : The Masterpiece ( Explicit Version ) Gangsta & Hardcore , Rap & Hip-Hop ( C ) 2004 Geffen Records November 16 , 2004",,,,$ 0.99,,3:08,,24
6764,51438,1,6764,"Gone The Weeknd Trilogy R&B / Soul , Music , Rock , Contemporary R&B $ 1.29 ‰ ãÑ 2012 XO & co. , Inc.",,,,,,8:07,13-Nov-12,51438,"Gone ( Album Version ( Edited ) ) [ Clean ] ( C ) 2013 XO & co. , Inc. 8:07 September 18 , 2015",The Weeknd,Trilogy ( Edited Version ) [ Clean ],R&B,$ 1.29,,,,25
1084,9523,0,1084,"Masterpiece ( feat . Jordan Rakei ) Disclosure Caracal 2015 Island Records , a division of Universal Music Operations Limited 4:01",,,"Electronic , Music , Dance , Garage , House , Rock",Album Only,,,,9523,"Holding On [ feat . Gregory Porter ] Disclosure $ 1.29 5:15 September 25 , 2015",,Caracal,"Electronica , Dance & Electronic",,"( C ) 2015 Island Records , a division of Universal Music Operations Limited",,,26
1828,15256,0,1828,"El Perd ' _ n ( Forgiveness ) Pop , Music 3:26",Nicky Jam & Enrique Iglesias,El Perd ' _ n ( Forgiveness ) - Single,,$ 1.29,2015 Sony Music Entertainment US Latin LLC,,10-Jul-15,15256,"El PerdÌ_n ( Gregor Salto Remix ) Nicky Jam & Enrique Iglesias 2015 Real Sounds July 1 , 2015",,El PerdÌ_n ( The Remixes ),"International , Latin Music , Latin Hip-Hop",$ 1.29,,4:09,,27
5147,43656,0,5147,"Take Care ( feat . Rihanna ) Take Care ( Deluxe Version ) Hip-Hop/Rap , Music $ 1.29",Drake,,,,‰ ãÑ 2011 Cash Money Records Inc.,4:37,15-Nov-11,43656,"Make Me Proud [ feat . Nicki Minaj ] [ Clean ] Take Care ( Deluxe Edition ) 3:39 March 20 , 2012",Drake,,Rap & Hip-Hop,$ 1.29,( C ) 2012 Cash Money Records Inc.,,,28
5147,43679,0,5147,"Take Care ( feat . Rihanna ) Take Care ( Deluxe Version ) Hip-Hop/Rap , Music $ 1.29",Drake,,,,‰ ãÑ 2011 Cash Money Records Inc.,4:37,15-Nov-11,43679,The Real Her [ feat . Andre 3000 ] [ Explicit ] Rap & Hip-Hop $ 1.29 ( C ) 2012 Cash Money Records Inc.,Drake,Take Care ( Deluxe Edition ) [ Explicit ],,,,5:21,"March 20 , 2012",29
2694,17169,0,2694,"Whateva ( feat . Monty ) Fetty Wap Hip-Hop/Rap , Music , Rap Album Only 2015 300 Entertainment/RGF Productions",,Fetty Wap ( Deluxe ),,,,5:11,,17169,"My Way ( feat . Monty ) [ Explicit ] Fetty Wap Fetty Wap ( Deluxe ) [ Explicit ] Rap & Hip-Hop ( C ) 2000 Mute Records Ltd. , a BMG Company , under exclusive license to INgrooves 3:33",,,,$ 1.29,,,"September 25 , 2015",30
592,43689,1,592,I Ai n't Livin ' Long Like This Take It to the Bank - EP 2014 Sony Music Entertainment,Chris Janson,,"Country , Music",$ 1.29,,4:13,24-Feb-14,43689,"I Ai n't Livin ' Long Like This Chris Janson Take It to the Bank ( EP ) February 24 , 2014",,,Country,$ 1.29,( C ) 2012 Cash Money Records Inc.,4:13,,31
2479,33786,1,2479,I Ca n't Go There ( Acoustic Version ) $ 0.99 2002 BMG 3:45,Kenny Chesney,"No Shoes , No Shirt , No Problems","Country , Music , Contemporary Country , Urban Cowboy",,,,2-Apr-02,33786,"I Ca n't Go There ( Acoustic Version ) Kenny Chesney No Shoes , No Shirt , No Problems Country 3:45 April 2 , 2002",,,,$ 0.99,Underground Avenue,,,32
5001,3099,1,5001,"Who I Am With You Chris Young Country , Music , Urban Cowboy , Contemporary Country ‰ ãÑ 2013 Sony Music Entertainment 3:13",,A.M.,,$ 1.29,,,16-Sep-13,3099,"Who I Am With You Country September 16 , 2013",Chris Young,A.M.,,$ 1.29,"( C ) 2010 Hollywood Records , Inc.",3:11,,33
6290,47840,0,6290,Gold ( feat . Eighty4 Fly ) Macklemore & Ryan Lewis The Heist ( Deluxe Edition ),,,"Hip-Hop/Rap , Music , Rap , Alternative Rap , West Coast Rap",$ 1.29,"‰ ãÑ 2012 Macklemore , LLC .",4:11,1-Aug-12,47840,"Neon Cathedral ( feat . Allen Stone ) Macklemore & Ryan Lewis The Heist [ Explicit ] Rap & Hip-Hop 2014 Selena Garcia & Steven Gomez October 9 , 2012",,,,$ 1.29,,4:34,,34
1193,28006,0,1193,The Whisperer ( feat . Sia ) Listen $ 1.29 3:54,David Guetta,,"Dance , Music , Electronic , House , Rock , French Pop",,"2014 What A Music Ltd. under exclusive license to Parlophone/Warner Music France , under exclusive license to Atlantic Recording Corporation for the United States . All rights reserved",,24-Nov-14,28006,S.T.O.P ( feat . Ryan Tedder ) David Guetta Listen ( Deluxe ) Dance & Electronic 2015 If Moving Your Mine,,,,$ 1.29,,3:34,"November 24 , 2014",35
1193,27999,0,1193,The Whisperer ( feat . Sia ) Listen $ 1.29 3:54,David Guetta,,"Dance , Music , Electronic , House , Rock , French Pop",,"2014 What A Music Ltd. under exclusive license to Parlophone/Warner Music France , under exclusive license to Atlantic Recording Corporation for the United States . All rights reserved",,24-Nov-14,27999,"Goodbye Friend ( feat . The Script ) David Guetta Dance & Electronic $ 1.29 November 24 , 2014",,Listen ( Deluxe ),,,2015 If Moving Your Mine,3:49,,36
801,29543,0,801,As Long As You Love Me ( feat . Big Sean ) [ Audien Luvstep Mix ] 2012 The Island Def Jam Music Group,Justin Bieber,As Long As You Love Me ( Remixes ) [ feat . Big Sean ],"Dance , Music , Rock",$ 1.29,,4:40,11-Sep-12,29543,Love Me Like You Do ( Sax Instrumental Version ) Justin Ward Love Me Like You Do - Made Popular By Ellie Goulding Pop ( c ) 2015 Covered Records 3:16,,,,$ 0.89,,,,37
6234,13713,1,6234,"Doin ' My Thing Doin ' My Thing Country , Music , Contemporary Country ‰ ãÑ 2009 Capitol Records Nashville . All rights reserved . Unauthorized reproduction is a violation of applicable laws . Manufactured by Capitol Records Nashville , 3322 West End Avenue , 11th Floor , Nashville , TN 37203 2-Oct-09",Luke Bryan,,,$ 1.29,,3:09,,13713,Doin ' My Thing Luke Bryan Doin ' My Thing Country $ 1.29 3:09,,,,,( C ) 2009 Capitol Records Nashville,,"October 2 , 2009",38
3349,7362,0,3349,Remember You ( feat . The Weeknd ) $ 1.99 2012 Atlantic Recording Corporation for the United States and WEA International Inc. for the world outside of the United States 4-Dec-12,Wiz Khalifa,O.N.I.F.C. ( Deluxe Version ),"Hip-Hop/Rap , Music , Hardcore Rap , East Coast Rap , Rap",,,5:20,,7362,"KK ( feat . Project Pat & Juicy J ) [ Explicit ] $ 1.29 August 19 , 2014",Wiz Khalifa,Blacc Hollywood ( Deluxe ) [ Explicit ],Rap & Hip-Hop,,2014 Atlantic Recording Corporation for the United States and WEA International Inc. for the world outside of the United States . A Warner Music Group Company,4:09,,39
3549,19057,0,3549,"Turn Around ( 5,4,3,2,1 ) [ AK Remix ] Turn Around ( 5,4,3,2,1 ) [ Remixes ] Dance,Music,Hip-Hop / Rap , Dirty South , Rap , Electronic $ 1.29 2011 Atlantic Recording Corporation for the United States and WEA International Inc. for the world outside of the United States . 5:09",Flo Rida,,,,,,19-Apr-11,19057,"Gdfr ( Feat . Sage The Gemini & Lookas ) [ K. Theory Remix ] Rap & Hip-Hop $ 1.29 3:08 January 21 , 2015",Flo Rida,Gdfr ( Feat . Sage The Gemini & Lookas ) [ Remixes ],,,2014 Atlantic Recording Corporation for the United States and WEA International Inc. for the world outside of the United States . A Warner Music Group Company,,,40
1625,27515,0,1625,"Fake ( Demo ) Us and Them ( Deluxe Version ) Rock , Music , Metal , Hard Rock , Alternative 2009 Atlantic Recording Corporation for the United States and WEA International Inc. for the world outside of the United States . 4-Oct-05",Shinedown,,,$ 1.29,,5:05,,27515,Left Out [ Demo ] Shinedown 2015 Mad Decent,,Leave A Whisper ( Deluxe ),Rock,$ 1.29,,3:36,"May 27 , 2003",41
5409,20551,0,5409,Every Time You Go Bright Lights ( Deluxe Version ) ‰ ãÑ 2010 Polydor Ltd. ( UK ) 29-Nov-10,Ellie Goulding,,"Pop , Music , Dance , Rock",$ 1.29,,3:25,,20551,"I Know You Care $ 1.29 3:26 August 27 , 2013",Ellie Goulding,Halcyon ( Deluxe ),Pop,,( C ) 2013 Polydor Ltd. ( UK ),,,42
1148,7757,1,1148,Goner twenty one pilots,,Blurryface,"Alternative , Music , Rock , Adult Alternative , Indie Rock,Hip-Hop / Rap , Rap , Underground Rap",$ 1.29,2015 Fueled By Ramen LLC for the United States and WEA International Inc. for the world outside of the United States . A Warner Music Group Company,3:56,15-May-15,7757,Goner twenty one pilots Alternative Rock $ 1.29 3:56,,Blurryface,,,2015 Fueled By Ramen LLC for the United States and WEA International Inc. for the world outside of the United States . A Warner Music Group Company,,"May 15 , 2015",43
467,362,1,467,Sunburn ( Bonus Track ) #NAME ?,Ed Sheeran,,"Singer/Songwriter , Music",$ 1.29,2011 Warner Music UK Limited,4:35,9-Sep-11,362,"Sunburn ( Deluxe Edition ) Ed Sheeran #NAME ? Pop 4:35 September 9 , 2011",,,,$ 1.29,Doll records,,,44
6458,18807,1,6458,I Do n't Believe You ( Main Version ) $ 1.29 ‰ ãÑ LaFace Recording LLC 4:36 28-Oct-08,P!NK,Funhouse,"Pop , Music , R&B / Soul , Dance , Pop/Rock",,,,,18807,"I Do n't Believe You P!nk Funhouse ( Explicit ) R&B , Pop ( c ) 2006 Roadshow 4:36 October 28 , 2008",,,,$ 1.29,,,,45
2841,52852,0,2841,"Crack In the Pearl , Pt . II ( feat . Stevie Wonder & Jeff Bhasker ) Mark Ronson Uptown Special Pop , Music , R&B / Soul , Funk , Soul $ 1.29 2:16",,,,,"Tracks 4 & 6 ( P ) 2014 , all other tracks ( P ) 2015 Mark Ronson under exclusive licence to Sony Music Entertainment UK Limited",,13-Jan-15,52852,"Crack In the Pearl Uptown Special [ Clean ] January 13 , 2015",Mark Ronson,,Pop,$ 1.29,2015 Real Sounds,2:25,,46
5085,40496,0,5085,"You & Me ( feat . Eliza Doolittle ) Disclosure Settle ( Deluxe Version ) Electronic , Music 15-Apr-14",,,,$ 1.29,"‰ ãÑ 2014 Universal Island Records , a division of Universal Music Operations Limited",4:26,,40496,"Defeated No More [ feat . Edward Macfarlane ] Settle Electronica , Dance & Electronic June 11 , 2013",Disclosure,,,$ 1.29,"( C ) 2013 Universal Island Records , a division of Universal Music Operations Limited",6:07,,47
2459,10377,0,2459,"O Little Town of Bethlehem All I Want for Christmas Is a Real Good Tan Holiday , Music , Country , Honky Tonk , Contemporary Country , Christmas 4:18 4-Oct-03",Kenny Chesney,,,$ 0.99,2003 BMG Music,,,10377,"Sweet Little Jesus Boy 3:04 August 17 , 2000",Kenny Rogers,Christmas Greetings,"Holiday , Christmas , Miscellaneous",$ 1.29,"( C ) 2000 Capitol Records , LLC",,,48
3573,53964,0,3573,"Why You Up In Here ( feat . Ludacris , Git Fresh & Gucci Mane ) 2010 Atlantic Recording Corporation for the United States and WEA International Inc. for the world outside of the United States 3:36",Flo Rida,"Only One Flo , Pt. 1","Hip-Hop/Rap , Music , Rap , Dirty South",$ 1.29,,,24-Nov-10,53964,"Street Money ( feat . Rick Ross ) [ Explicit ] Welcome to Flo Rida [ Explicit ] Rap & Hip-Hop $ 0.99 2015 CMG Records 3:57 April 6 , 2015",Flo Rida,,,,,,,49
1344,10527,0,1344,"Beautiful Now ( feat . Jon Bellion ) [ Charlie Darker Remix ] Beautiful Now ( feat . Jon Bellion ) [ Remixes ] - EP Dance , Music",Zedd,,,$ 1.29,2015 Interscope Records,4:15,10-Jul-15,10527,"Clarity ( Zedd Union Mix ) [ feat . Foxes ] Zedd Clarity ( Remixes ) Dance & Electronic $ 1.29 3:28 February 12 , 2013",,,,,( C ) 2013 Interscope Records,,,50
6218,29583,1,6218,"We Run Sugarland Love On the Inside ( Deluxe Fan Edition ) Country , Music , Rock , Contemporary Country , Southern Rock , Contemporary Bluegrass $ 1.29 3:55 22-Jul-08",,,,,"‰ ãÑ 2008 Mercury Records , a Division of UMG Recordings , Inc.",,,29583,We Run $ 1.29,Sugarland,Love On The Inside,Country,,"( C ) 2008 Mercury Records , a Division of UMG Recordings , Inc.",3:56,"July 29 , 2008",51
3360,17651,0,3360,"That Good Snoop Dogg & Wiz Khalifa Soundtrack,Music,Hip-Hop / Rap , Hardcore Rap , West Coast Rap , Gangsta Rap , Rap , Soundtrack $ 1.29 3:48",,Mac and Devin Go to High School ( Music from and Inspired By the Movie ),,,2011 Atlantic Recording Corporation for the United States and WEA International Inc. for the world outside of the United States,,9-Dec-11,17651,I 'm Good [ Explicit ] Wiz Khalifa Flight School [ Explicit ] 2013 Mad Decent 2:32,,,Rap & Hip-Hop,$ 0.99,,,"April 17 , 2009",52
252,52996,0,252,"VHS Outro ( Interlude ) X Ambassadors VHS Alternative , Music , Rock , Adult Alternative 2015 KIDinaKORNER/Interscope Records 1:25",,,,$ 1.29,,,30-Jun-15,52996,Smoke ( Interlude ) [ Explicit ] ( C ) 2015 KIDinaKORNER/Interscope Records,X Ambassadors,VHS [ Explicit ],Alternative Rock,$ 1.29,,0:24,"June 30 , 2015",53
2399,29849,1,2399,That Lucky Old Sun ( Just Rolls Around Heaven All Day ) [ With Willie Nelson ] Kenny Chesney & Willie Nelson 4:16 2008,,Lucky Old Sun,"Country , Music , Contemporary Country , Honky Tonk",$ 0.99,"2008 Blue Chair Records , LLC",,,29849,"That Lucky Old Sun ( Just Rolls Around Heaven All Day ( with Willie Nelson ) ) Country , Contemporary Country $ 0.99 ( P ) 2008 Blue Chair Records , LLC 4:16",Kenny Chesney,Lucky Old Sun,,,,,"October 21 , 2008",54
4980,20081,0,4980,Hurt a Lot Worse When You Go Toby Keith ‰ ãÑ 2011 TriPower,,"Beyond The Hits , Vol . 1","Country , Music",Album Only,,4:21,20-Dec-11,20081,"Days Go By Keith Urban Greatest Hits - 18 Kids $ 1.29 å © 2007 Capitol Records Nashville . All rights reserved . Unauthorized reproduction is a violation of applicable laws . Manufactured by Capitol Records Nashville , 3322 West End Avenue , 11th Floor , Nash 3:49",,,Country,,,,"November 20 , 2007",55
1489,3898,1,1489,Through the Ghost $ 1.29 4:01 23-Mar-12,Shinedown,Amaryllis,"Rock , Music , Alternative , Grunge , Hard Rock , Metal",,2012 Atlantic Recording Corporation for the United States and WEA International Inc. for the world outside of the United States,,,3898,"Through The Ghost Amaryllis $ 1.29 Krankbrother March 23 , 2012",Shinedown,,Rock,,,4:01,,56
5079,40453,0,5079,"White Noise ( feat . AlunaGeorge ) Disclosure Electronic , Music $ 1.29 ‰ ãÑ 2014 Universal Island Records , a division of Universal Music Operations Limited 15-Apr-14",,Settle ( Deluxe Version ),,,,4:37,,40453,"Voices ( Wookie Remix ) [ feat . Sasha Keable ] Disclosure Settle ( The Remixes ) Electronica , Dance & Electronic 5:33",,,,$ 1.29,"( C ) 2013 Universal Island Records , a division of Universal Music Operations Limited",,"December 16 , 2013",57
2987,37085,0,2987,Blame ( feat . John Newman ) [ BURNS Remix ] Blame ( Remixes ) [ feat . John Newman ] - EP $ 1.29 2014 Sony Music Entertainment UK Limited 4:17 10-Nov-14,Calvin Harris,,"Dance , Music",,,,,37085,"Pray to God ( R3hab Remix ) Pray to God ( Remixes ) $ 1.29 September 25 , 2015",Calvin Harris feat . HAIM,,Dance & Electronic,,"( C ) 2015 Third Pardee Records , LLC under exclusive license to Interscope Records in the United States",4:31,,58
2979,37085,0,2979,"Thinking About You ( feat . Ayah Marar ) [ Michael Brun Remix ] Thinking About You ( feat . Ayah Marar ) [ Remixes ] Dance , Music 2013 Sony Music Entertainment UK Limited 5:42",Calvin Harris,,,$ 1.29,,,2-Aug-13,37085,"Pray to God ( R3hab Remix ) Pray to God ( Remixes ) $ 1.29 September 25 , 2015",Calvin Harris feat . HAIM,,Dance & Electronic,,"( C ) 2015 Third Pardee Records , LLC under exclusive license to Interscope Records in the United States",4:31,,59
2809,28356,0,2809,"Otherside Remix ( Live ) Otherside Remix ( Live ) - Single Hip-Hop/Rap , Music 2011 Macklemore , LLC 31-Aug-11",Macklemore & Ryan Lewis,,,$ 0.99,,6:10,,28356,"English Girls Approximately ( Live in London 2 ) Ryan Adams Live After Deaf ( London 2 ) Folk , Rock $ 0.99",,,,,2012 PAXAM RECORDS,5:08,"July 2 , 2012",60
2809,44223,0,2809,"Otherside Remix ( Live ) Otherside Remix ( Live ) - Single Hip-Hop/Rap , Music 2011 Macklemore , LLC 31-Aug-11",Macklemore & Ryan Lewis,,,$ 0.99,,6:10,,44223,"Gim me Something Good ( Live At Carnegie Hall / 11/17/2014 ) [ Explicit ] Ten Songs From Live At Carnegie Hall [ Explicit ] Rock 6:36 June 9 , 2015",Ryan Adams,,,$ 1.29,( C ) 2015 PaxAmericana Recording Company Under Exclusive License To Blue Note Records,,,61
3093,22994,1,3093,"Electro Man I Created Disco Electronic , Music , Pop , Dance , Rock $ 0.99 2007 SONY BMG MUSIC ENTERTAINMENT ( UK ) Limited",Calvin Harris,,,,,4:58,11-Jun-07,22994,Electro Man,Calvin Harris,I Created Disco,"Dance & Electronic , Pop , House",$ 0.99,2002 Defected Records Ltd,4:56,"February 22 , 2012",62
1343,6231,0,1343,Find You ( feat . Matthew Koma & Miriam Bryant ) [ Mike Hawkins Remix ] Zedd $ 1.29 2014 Interscope Records 4:26 8-Apr-14,,Find You ( Remixes ),"Dance , Music , Electronic",,,,,6231,Beautiful Now ( KDrew Remix ) [ feat . Jon Bellion ] Dance & Electronic $ 1.29 ( C ) 2015 Interscope Records 3:59,Zedd,Beautiful Now ( Remixes ),,,,,"July 10 , 2015",63
508,55899,1,508,Afire Love Ed Sheeran 5:14 20-Jun-14,,x,"Singer/Songwriter , Music , Pop , Rock , Contemporary Singer/Songwriter , Adult Alternative",$ 1.29,"2014 Asylum Records UK , a Warner Music UK Company",,,55899,Afire Love Ed Sheeran 5:14,,x,Pop,$ 1.29,( C ) 2014 mau5trap Recordings Ltd,,"June 20 , 2014",64
588,55899,1,588,"Afire Love Ed Sheeran Singer/Songwriter , Music , Pop , Rock , Contemporary Singer/Songwriter , Adult Alternative $ 1.29 2014 Asylum Records UK , a Warner Music UK Company 5:14",,x,,,,,20-Jun-14,55899,Afire Love Ed Sheeran 5:14,,x,Pop,$ 1.29,( C ) 2014 mau5trap Recordings Ltd,,"June 20 , 2014",65
6624,800,0,6624,"This Love ( Karaoke Version ) Pop , Music 4:07 3-Mar-15",Taylor Swift,Taylor Swift Karaoke : 1989,,$ 1.29,"‰ ãÑ 2014 Big Machine Records , LLC",,,800,"This Love 1989 Pop ( C ) 2014 Big Machine Records , LLC . 4:10 October 27 , 2014",Taylor Swift,,,$ 1.29,,,,66
642,24635,1,642,I 've Got All This Ringing In My Ears and None On My Fingers Fall Out Boy Infinity On High $ 0.99 2007 The Island Def Jam Music Group 4:06 6-Feb-07,,,"Alternative , Music , Rock , Adult Alternative , Punk",,,,,24635,"I 've Got All This Ringing In My Ears And None On My Fingers Fall Out Boy Infinity On High Rock $ 0.99 February 6 , 2007",,,,,( C ) 2007 The Island Def Jam Music Group,4:06,,67
254,49104,1,254,"Shining X Ambassadors Alternative , Music , Rock , Adult Alternative , Electronic $ 1.29 2015 KIDinaKORNER/Interscope Records 3:40 10-Aug-15",,The Reason - EP,,,,,,49104,Shining X Ambassadors Alternative Rock $ 1.29 ( C ) 2015 KIDinaKORNER/Interscope Records 3:37,,The Reason EP,,,,,"August 10 , 2015",68
4730,17350,0,4730,"Kaskade - Fire & Ice Booklet Fire & Ice Dance , Music , House , Electronic 2011 Ultra Records , Inc. 25-Oct-11",Kaskade,,,Album Only,,--,,17350,"ICE ( Kaskades ICE Mix ) Kaskade Dance & Electronic , House $ 1.29 2012 Coastal Entertainment 4:30",,Fire & Ice,,,,,"July 23 , 2013",69
4426,43699,0,4426,"Act My Age FOUR ( Ultimate Edition ) Pop , Music 3:18 17-Nov-14",One Direction,,,$ 1.29,2014 Simco Limited under exclusive license to Sony Music Entertainment UK Limited,,,43699,"Change My Mind Take Me Home : Yearbook Edition $ 1.29 3:32 November 9 , 2012",One Direction,,Pop,,2008 Big Love,,,70
5707,37649,0,5707,"Ha ( feat . Brisco & 4 Mill ) Hip-Hop/Rap , Music Album Only 3:54",Flo Rida,R.O.O.T.S. ( Deluxe Version ),,,‰ ãÑ 2009 Atlantic Recording Corporation for the United States and WEA International Inc. for the world outside of the United States,,30-Mar-09,37649,"Shone [ Feat . Pleasure P ] R.O.O.T.S. ( Route Of Overcoming The Struggle ) ( Amended Amazon Exclusive ) [ Clean ] ( C ) 2012 Motown Records , a Division of UMG Recordings , Inc.",Flo Rida,,Rap & Hip-Hop,$ 1.29,,4:13,"March 30 , 2009",71
5806,6499,1,5806,Take You Believe $ 1.29 ‰ ãÑ 2012 The Island Def Jam Music Group 19-Jun-12,Justin Bieber,,"Pop , Music , Dance , Vocal , Teen Pop , Rock",,,3:40,,6499,"Take You ( Album Version ) Pop $ 1.29 ( C ) 2012 The Island Def Jam Music Group 3:40 June 19 , 2012",Justin Bieber,Believe,,,,,,72
1753,37547,0,1753,"Get Low ( Neo Fresco Remix ) Get Low ( Remixes ) - EP Dance , Music 4:42 2-Jun-15",Dillon Francis & DJ Snake,,,$ 1.29,"2014 , 2015 Wedgewood Productions , Inc. & DJ Snake Music LLC , under exclusive license to Columbia Records , a Division of Sony Music Entertainment",,,37547,"Que Que feat . Maluca ( Toy Selectah Remix ) Dillon Francis & Diplo Dance & Electronic $ 0.99 4:50 August 23 , 2011",,Que Que Remix EP,,,2011 Mad Decent,,,73
1233,21564,0,1233,"Titanium ( Cazzette 's Ant Seeking Hamster Mix ) [ feat . Sia ] David Guetta 2011 What A Music Ltd , licence exclusive Parlophone Music France",,Titanium ( Remixes ) [ feat . Sia ],"Dance , Music , Electronic",$ 0.99,,6:37,20-Jan-12,21564,"Hey Mama ( feat . Nicki Minaj , Bebe Rexha & Afrojack ) [ DJ LBR Remix ] Hey Mama ( feat . Nicki Minaj , Bebe Rexha & Afrojack ) [ Remixes EP ] Dance & Electronic $ 1.29 2015 Michelle Kelly May 12 , 2015",David Guetta,,,,,3:23,,74
6430,31068,0,6430,"Little White Lies One Direction Pop , Music , Rock , Teen Pop , Pop/Rock , Dance $ 1.29 3:17 25-Nov-13",,Midnight Memories ( Deluxe Edition ),,,‰ ãÑ 2013 Simco Limited under exclusive license to Sony Music Entertainment UK Limited,,,31068,"Little Black Dress Midnight Memories ( Deluxe ) Pop $ 1.29 November 25 , 2013",One Direction,,,,"( C ) 2014 Disney Enterprises , Inc.",2:37,,75
3259,4536,0,3259,"Applause ( Goldhouse Remix ) Applause ( Remixes ) Pop , Music , Electronic , Rock $ 1.29 4:34 30-Sep-13",Lady Gaga,,,,2013 Interscope Records,,,4536,Applause ( DJ White Shadow Electrotech Remix ) Lady Gaga ( C ) 2013 Interscope Records,,Applause ( Remixes ),Pop,$ 1.29,,5:49,"September 30 , 2013",76
1655,49479,1,1655,"Son of Sam ( Bonus Track ) Shinedown Rock , Music , Metal , Alternative , Grunge , Hard Rock 3:37 23-Jun-08",,The Sound of Madness ( Deluxe Version ),,Album Only,2008 Atlantic Recording Corp. for the United States and WEA International Inc. for the world outside of the United States,,,49479,"Son Of Sam ( Bonus Track ) The Sound Of Madness [ Explicit ] [ Deluxe ] Rock $ 0.99 2005 Z Records 3:37 June 24 , 2008",Shinedown,,,,,,,77
3944,18970,1,3944,It Girl Jason Derulo $ 1.99 3:13,,Future History ( Deluxe Version ),"Pop , Music , Rock , R&B / Soul , Contemporary R&B , Dance",,2011 Warner Bros. . Records Inc.,,16-Sep-11,18970,"It Girl Jason Derulo Pop ( C ) 2013 Hit Red Records under exclusive license to Capitol Records Nashville 3:12 September 16 , 2011",,Future History ( Deluxe Version ),,$ 1.29,,,,78
3413,34333,0,3413,"Remember You ( feat . The Weeknd ) Hip-Hop/Rap , Music , East Coast Rap , Hardcore Rap , Rap $ 1.99",Wiz Khalifa,O.N.I.F.C. ( Deluxe Version ),,,2012 Atlantic Recording Corporation for the United States and WEA International Inc. for the world outside of the United States,5:20,4-Dec-12,34333,"Initiation ( feat . Lola Monroe ) [ Explicit ] Wiz Khalifa O.N.I.F.C. [ Explicit ] $ 1.29 2012 Atlantic Recording Corporation for the United States and WEA International Inc. for the world outside of the United States 4:29 December 4 , 2012",,,Rap & Hip-Hop,,,,,79
3413,34349,0,3413,"Remember You ( feat . The Weeknd ) Hip-Hop/Rap , Music , East Coast Rap , Hardcore Rap , Rap $ 1.99",Wiz Khalifa,O.N.I.F.C. ( Deluxe Version ),,,2012 Atlantic Recording Corporation for the United States and WEA International Inc. for the world outside of the United States,5:20,4-Dec-12,34349,"Rise Above ( feat . Pharrell , Tuki Carter & Amber Rose ) [ Explicit ] December 4 , 2012",Wiz Khalifa,O.N.I.F.C. [ Explicit ],Rap & Hip-Hop,$ 1.29,2012 Atlantic Recording Corporation for the United States and WEA International Inc. for the world outside of the United States,4:31,,80
147,50730,1,147,"Credit Meghan Trainor Pop , Music , Rock , Pop/Rock , Dance , Teen Pop 2014 , 2015 Epic Records , a division of Sony Music Entertainment 9-Jan-15",,Title ( Deluxe ),,$ 1.29,,2:51,,50730,"Credit Title ( Deluxe ) Pop 2011 What A Music Ltd , licence exclusive Parlophone Music France 2:51",Meghan Trainor,,,$ 1.29,,,"January 9 , 2015",81
5087,9483,0,5087,Confess To Me ( feat . Jessie Ware ) Disclosure Settle ( Deluxe Version ) $ 1.29 4:10 15-Apr-14,,,"Electronic , Music",,"‰ ãÑ 2014 Universal Island Records , a division of Universal Music Operations Limited",,,9483,"Omen [ feat . Sam Smith ] Disclosure $ 1.29 ( C ) 2015 Island Records , a division of Universal Music Operations Limited 3:50",,Caracal ( Deluxe ),"Electronica , Dance & Electronic",,,,"September 25 , 2015",82
4747,5682,1,4747,"Skrillex Orchestral Suite By Varien ( Bonus Track ) Bangarang Dance , Music , Electronic 2012 Big Beat Records , Inc. for the United States and WEA International for the world outside the United States . 6:54 27-Dec-11",Skrillex,,,$ 1.29,,,,5682,"Skrillex Orchestral Suite By Varien ( Bonus Track ) Dance & Electronic , Dubstep Elektroshok Records",Skrillex,Bangarang EP [ Explicit ],,$ 1.29,,6:54,"December 27 , 2011",83
2680,27453,0,2680,"Any Man of Mine ( American Idol Performance ) Country , Music , Rock 3:40",Lauren Alaina,American Idol Season 10 : Lauren Alaina,,$ 1.29,"2011 19 Recordings , Inc.",,25-May-11,27453,"( You Make Me Feel Like ) A Natural Woman ( American Idol Performance ) Lauren Alaina Country ( C ) 2011 19 Recordings , Inc.",,Lauren Alaina - American Idol Season 10,,$ 1.29,,2:53,"May 25 , 2011",84
3003,8057,0,3003,"Awooga ( Extended Mix ) Calvin Harris Bounce ( feat . Kelis ) [ Remixes ] Dance , Music 2013 Sony Music Entertainment UK Limited 5-Feb-13",,,,$ 1.29,,7:12,,8057,"Bounce ( Fly Eye Club Mix ) Dance & Electronic 6:06 February 5 , 2013",Calvin Harris Feat . Kelis,Bounce,,$ 1.29,2015 Bill Maki,,,85
3175,42596,0,3175,"The Breath You Take George Strait Album Only 2011 EMI MUSIC NORTH AMERICA / SONY MUSIC ENTERTAINMENT / UMG RECORDINGS , INC. 14-Jun-11",,"Now That 's What I Call Country , Vol . 4","Country , Music",,,3:34,,42596,If You 're Thinking You Want A Stranger ( There 's One Coming Home ) Strait Country Country $ 1.29,George Strait,,,,( C ) 1981 MCA Records Inc.,2:57,"September 23 , 1987",86
1776,33397,1,1776,"Piensas en M ' _ ( feat . Luigi 21 Plus , Jory & Yelsid ) [ Remix ] Nicky Jam Hits 4:46 9-Sep-14",Nicky Jam,,"Latin Urban , Music , Latino",$ 0.99,2014 La Industria Inc. . Licencia a Codiscos S.A.S.,,,33397,"Piensas en MÌ _ ( Remix ) International , Latin Music $ 0.99",Nicky Jam,Nicky Jam Hits,,,( C ) 2014 Codiscos S.A.S.,4:46,"September 9 , 2014",87
5852,32665,0,5852,Baby ( Bonus Video ) ‰ ãÑ 2010 The Island Def Jam Music Group,Justin Bieber,My World 2.0 ( Bonus Track Version ),"Pop , Music , Teen Pop , Rock , Dance , R&B / Soul , Contemporary R&B",$ 1.99,,3:39,23-Mar-10,32665,"Baby ( Acoustic Version ) ( C ) 2011 The Island Def Jam Music Group February 8 , 2011",Justin Bieber,My Worlds Acoustic [ + Video ] [ + Digital Booklet ],Pop,$ 1.29,,3:35,,88
4890,35775,0,4890,Sorry for Party Rocking Sorry for Party Rocking ( Deluxe Version ) $ 1.29 3:23,LMFAO,,"Pop , Music , R&B / Soul,Electronic,Dance,Rock,Hip-Hop / Rap , Rap",,"‰ ãÑ 2011 Foo & Blu , LLC under exclusive License to Interscope Records",,21-Jun-11,35775,"Party Rock Anthem ( Made Famous By Lmfao Feat Lauren Bennett & Goon Rock ) ( Karaoke Version ) International $ 0.89 ( c ) 2011 BGM Industrias del Disco S.A. ( Magenta Discos ) July 14 , 2011",Lmfao Feat Lauren Bennett & Goon Rock Karaoke Band,Party rock anthem ( Karaoke ),,,,4:24,,89
624,8814,0,624,"Centuries ( Gazzo Remix ) Centuries ( Gazzo Remix ) - Single Alternative , Music , Rock $ 1.29 4:19",Fall Out Boy,,,,"2014 Island Records , a division of UMG Recordings , Inc.",,22-Dec-14,8814,"Busy ( N3mrod Remix ) [ feat . Kevin Lyttle ] [ Explicit ] Busy ( N3mrod Remix ) [ feat . Kevin Lyttle ] [ Explicit ] Dance & Electronic $ 0.99 April 10 , 2015",Boy Face,,,,2015 Perpetual Motions Ent . / F Pac Records/FROGG LIFE,2:32,,90
2782,31534,1,2782,"Speakers Sam Hunt Montevallo $ 1.29 2014 MCA Nashville , a Division of UMG Recordings , Inc.",,,"Country , Music , Pop , Pop/Rock , Honky Tonk , Contemporary Country , Rock",,,3:46,27-Oct-14,31534,Speakers Sam Hunt Montevallo Country $ 1.29 3:48,,,,,"( C ) 2014 MCA Nashville , a Division of UMG Recordings , Inc.",,"October 27 , 2014",91
6314,20460,0,6314,"Ca n't Stop Now ( feat . Jovi Rockwell and Mr. Vegas ) $ 1.29 ‰ ãÑ 2009 Downtown Music , LLC . 4:03",Major Lazer,Guns Do n't Kill People ... Lazers Do,"Electronic,Music,Hip-Hop / Rap , Rap , Alternative , Reggae , Dance , Modern Dancehall , Rock",,,,2009,20460,Cash Flow [ feat . Jah Dan ] Guns Do n't Kill People ... Lazers Do ( Deluxe ) [ Explicit ],Major Lazer,,"Electronica , Dance & Electronic",$ 1.29,"( C ) 2009 Downtown Music , LLC .",4:06,"June 3 , 2015",92
4726,40156,0,4726,Rock N ' Roll ( Will Take You to the Mountain ) Skrillex More Monsters and Sprites,,,"Dance , Music , House , Rock , Electronic",$ 1.99,"2011 Big Beat Records , Inc. for the United States and WEA International for the world outside the United States .",4:34,21-Jun-11,40156,"All I Ask Of You ( Feat . Penny ) Scary Monsters And Nice Sprites EP [ Explicit ] Electronica , Dance & Electronic , Dubstep ( c ) 2013 Digitop Ltd 5:40 December 21 , 2010",Skrillex,,,$ 1.29,,,,93
836,23706,1,836,6PM In New York If You 're Reading This It 's Too Late 13-Feb-15,Drake,,"Hip-Hop/Rap , Music , Hardcore Rap , Rap , R&B / Soul , Contemporary R&B",$ 1.29,2015 Cash Money Records Inc.,4:43,,23706,"6PM In New York [ Explicit ] $ 1.29 February 13 , 2015",Drake,If You 're Reading This It 's Too Late [ Explicit ],Rap & Hip-Hop,,( C ) 2015 Cash Money Records Inc.,4:43,,94
3850,9120,1,3850,"Chevy Van Caldwell County - EP Country , Music , Contemporary Country 2:48",Eric Church,,,$ 1.29,"2011 EMI Records Nashville . All rights reserved . Unauthorized reproduction is a violation of applicable laws . Manufactured by Capitol Records Nashville , 3322 West End Avenue , 11th Floor , Nashville , TN 37203",,14-Jan-11,9120,"Chevy Van Caldwell County EP ( C ) 2011 EMI Records Nashville January 14 , 2011",Eric Church,,Country,$ 1.29,,2:48,,95
5208,22907,0,5208,That Ai n't Me ( feat . Jay Sean ) I Am Not a Human Being $ 1.29 4:02 15-Nov-10,Lil Wayne & Jay Sean,,"Hip-Hop/Rap , Music , Rap , Hardcore Rap , Dirty South",,‰ ãÑ 2010 Cash Money Records Inc.,,,22907,"Love Me ( Album Version ( Explicit ) ) [ feat . Drake ] [ Explicit ] Lil Wayne I Am Not A Human Being II ( Explicit Version ) [ + digital booklet ] $ 1.29 2005 Secretly Canadian 4:15 March 26 , 2013",,,Rap & Hip-Hop,,,,,96
5082,40476,0,5082,Voices ( feat . Sasha Keable ) Disclosure,,Settle ( Deluxe Version ),"Electronic , Music",$ 1.29,"‰ ãÑ 2014 Universal Island Records , a division of Universal Music Operations Limited",4:09,15-Apr-14,40476,"Help Me Lose My Mind [ feat . London Grammar ] Disclosure Electronica , Dance & Electronic $ 1.29",,Settle,,,"( C ) 2013 Universal Island Records , a division of Universal Music Operations Limited",4:05,"June 11 , 2013",97
6532,38301,1,6532,"Space Bound Hip-Hop/Rap , Music , Rock , Hardcore Rap , Rap $ 1.29 4:38 21-Jun-10",Eminem,Recovery ( Deluxe Edition ),,,‰ ãÑ 2010 Aftermath Records,,,38301,"Space Bound [ Explicit ] Recovery ( Amazon Version ) [ Explicit ] [ + video ] [ + digital booklet ] Gangsta & Hardcore , Rap & Hip-Hop $ 1.29 ( C ) 2010 Aftermath Records June 21 , 2010",Eminem,,,,,4:39,,98
6047,4667,1,6047,"G.U.Y. Pop , Music , Dance , Rock $ 1.29 ‰ ãÑ 2013 Interscope Records 3:52 11-Nov-13",Lady Gaga,ARTPOP,,,,,,4667,G.U.Y. [ Clean ] $ 1.29,Lady Gaga,Artpop [ Clean ],Pop,,( C ) 2013 Interscope Records,3:52,"November 11 , 2013",99
1623,27506,0,1623,"Fly from the Inside ( Live Acoustic from WXDX , Pittsburgh ) Shinedown Leave a Whisper ( Deluxe Version ) Rock , Music , Hard Rock , Alternative $ 1.29 2009 Atlantic Recording Corporation for the United States and WEA International for the world outside of the United States",,,,,,3:59,27-May-03,27506,Simple Man [ Acoustic ] Leave A Whisper ( Deluxe ) Rock 5:20,Shinedown,,,$ 1.29,2015 Mad Decent,,"May 27 , 2003",100
4384,23361,1,4384,Tackle Box Luke Bryan,,I 'll Stay Me,"Country , Music , Contemporary Country , Pop",$ 1.29,"2006 , 2007 Capitol Records Nashville . All rights reserved . Unauthorized reproduction is a violation of applicable laws . Manufactured by Capitol Records Nashville , 3322 West End Avenue , 11th Floor , Nashville , TN 37203",4:02,14-Aug-07,23361,"Tackle Box Luke Bryan I 'll Stay Me Country ( C ) 2007 Capitol Records Nashville . All rights reserved . Unauthorized reproduction is a violation of applicable laws . Manufactured by Capitol Records Nashville , 3322 West End Avenue , 11th Floor , Nash",,,,$ 1.29,,4:02,"August 14 , 2007",101
5993,38107,0,5993,"Because of You Reba Duets Country , Music , Honky Tonk , Contemporary Country",Kelly Clarkson & Reba McEntire,,,$ 1.99,"‰ ãÑ 2007 MCA Nashville , a Division of UMG Recordings , Inc.",3:42,18-Sep-07,38107,"The Fear Of Being Alone ( Album Version ) Reba McEntire ( C ) 2005 MCA Nashville , a Division of UMG Recordings , Inc.",,Reba # 1 's,"Country , Contemporary Country",$ 1.29,,3:02,"November 22 , 2005",102
3887,16397,1,3887,"X2CU Jason Derulo Everything Is 4 Pop , Music , Rock , Dance , R&B / Soul , Contemporary R&B $ 1.29 2015 Warner Bros. . Records Inc. 5:13",,,,,,,29-May-15,16397,X2CU Jason Derulo Pop 2011 Because Music,,Everything Is 4 [ Clean ],,$ 1.29,,5:14,"June 1 , 2015",103
361,37081,0,361,"Original Don ( feat . The Partysquad ) [ The Partysquad & Punish Smash Em Remix ] Major Lazer Electronic , Music , Dance $ 1.29 1-Nov-11",,Original Don ( feat . The Partysquad ) [ Remixes ] - EP,,,2011 Downtown Records Unders exclusive license to Interscope Records in the U.S.A.,3:38,,37081,"Powerful ( Michael Calfan Remix ) [ feat . Ellie Goulding ] Powerful ( Remixes ) ( C ) 2015 Third Pardee Records , LLC under exclusive license to Interscope Records in the United States 5:27 September 11 , 2015",Major Lazer,,"Electronica , Dance & Electronic",$ 1.29,,,,104
4610,26152,1,4610,"I Thought You Knew Country , Music , Honky Tonk , Contemporary Country $ 1.29 1999 Capitol Records Nashville 19-Oct-99",Keith Urban,Keith Urban,,,,3:51,,26152,"I Thought You Knew Country ( C ) 1999 Capitol Records Nashville 3:51 October 19 , 1999",Keith Urban,Keith Urban,,$ 1.29,,,,105
1897,51626,1,1897,"Love Song Try This Pop , Music , Teen Pop , Electronic , Pop/Rock , R&B / Soul , Dance 2003 Arista Records , Inc. 10-Nov-03",P!NK,,,$ 0.99,,2:28,,51626,"Love Song Pop $ 0.99 CWM records November 11 , 2003",P!nk,Try This [ Explicit ],,,,2:27,,106
3354,17660,1,3354,Extra Extra Credit Wiz Khalifa Flight School $ 0.99 2009 Rostrum Records 4:03,,,"Hip-Hop/Rap , Music",,,,17-Apr-09,17660,"Extra Extra Credit [ Explicit ] Rap & Hip-Hop April 17 , 2009",Wiz Khalifa,Flight School [ Explicit ],,$ 0.99,2013 Mad Decent,4:03,,107
1777,20232,1,1777,"Voy a Beber ( feat . ' • ejo ) [ Remix ] Greatest Hits , Vol . 1 $ 0.99 2014 La Industria Inc licencia a Codiscos S.A.S. 3:44 4-Nov-14",Nicky Jam,,"Latin Urban , Music , Latino",,,,,20232,"Voy a Beber ( Remix ) $ 0.99 November 4 , 2014",Nicky Jam,"Greatest Hits , Vol . 1","International , Latin Music",,( C ) 2014 La industria Inc,3:44,,108
1736,10938,1,1736,The Back Roads and the Back Row Cole Swindell Cole Swindell $ 1.29 18-Feb-14,,,"Country , Music , Contemporary Country",,2014 Warner Music Nashville LLC and WEA International Inc. for the world outside the U.S.,3:41,,10938,"The Back Roads & The Back Row $ 1.29 3:44 February 18 , 2014",Cole Swindell,Cole Swindell,Country,,"( C ) 2011 UMG Recordings , Inc.",,,109
2490,4511,1,2490,Backwoods Beauty Queen,Florida Georgia Line,Anything Like Me - EP,"Country , Music , Honky Tonk , Urban Cowboy , Contemporary Country",$ 0.99,2011 Florida Georgia Line,4:15,14-Dec-10,4511,Backwoods Beauty Queen Florida Georgia Line Anything Like Me Country 2011 Florida Georgia Line 4:15,,,,$ 0.99,,,"December 14 , 2010",110
5130,37223,0,5130,"Money to Blow Birdman , Lil Wayne & Drake Pricele $ $ Hip-Hop/Rap , Music , Dirty South ‰ ãÑ 2009 Cash Money Records Inc. 4:18 23-Nov-09",,,,$ 1.29,,,,37223,Been About Money ( Album Version ( Edited ) ) Rap & Hip-Hop $ 0.99 ( C ) 2009 Cash Money Records Inc.,Birdman,Pricele $ $ ( Edited Version ),,,,4:12,"November 23 , 2009",111
3564,19787,0,3564,Club Ca n't Handle Me ( Ridney Remix ) Flo Rida $ 1.29 2010 Atlantic Recording Corporation for the United States and WEA International Inc. for the world outside of the United States 17-Aug-10,,Club Ca n't Handle Me ( feat . David Guetta ) [ From `` Step Up 3D '' ] { The Remixes } - EP,"Dance , Music",,,6:10,,19787,"Good Feeling ( Hook N Sling Remix ) Good Feeling ( Remixes ) Dance & Electronic ( C ) 2009 MPL Tours Inc. under exclusive license to StarCon LLC d/b/a Hear MusicTM November 15 , 2011",Flo Rida,,,$ 1.29,,6:15,,112
6724,17069,1,6724,"White Horse Taylor Swift Fearless Country , Music , Rock , Honky Tonk , Pop , Adult Contemporary , Contemporary Country $ 1.29 ‰ ãÑ 2008 Big Machine Records , LLC 3:54 11-Nov-08",,,,,,,,17069,White Horse Taylor Swift Fearless,,,"Country , Country Rock , Rock",$ 1.29,"( C ) 2008 Big Machine Records , LLC",3:54,"November 11 , 2008",113
5542,10251,1,5542,"Over When It 's Over Eric Church Country , Music , Rock , Contemporary Country , Urban Cowboy $ 1.29 2:39",,Chief,,,"‰ ãÑ 2011 EMI Records Nashville . All rights reserved . Unauthorized reproduction is a violation of applicable laws . Manufactured by Capitol Records Nashville , 3322 West End Avenue , 11th Floor , Nashville , TN 37203",,22-Jul-11,10251,Over When It 's Over Chief 2:39,Eric Church,,Country,$ 1.29,( C ) 2011 EMI Records Nashville,,"July 22 , 2011",114
433,33307,1,433,"Nothing Would Be Better Nick Jonas Pop , Music , Pop/Rock , Rock 2014 Island Records , a division of UMG Recordings , Inc. / Safehouse Records , LLC 10-Nov-14",Nick Jonas,,,$ 1.29,,4:34,,33307,"Nothing Would Be Better Nick Jonas ( Deluxe ) [ Explicit ] November 10 , 2014",Nick Jonas,,Pop,$ 1.29,"( C ) 2014 Island Records/Safehouse Records LLC , a division of UMG Recordings , Inc.",4:34,,115
5030,21803,0,5030,"First - Return to Tackyland Cold War Kids Alternative , Music , Indie Rock , Rock $ 1.29 ‰ ãÑ 2014 Downtown Records 3:26 11-Sep-15",,Hold My Home ( Deluxe Edition ),,,,,,21803,First 3:20,Cold War Kids,Hold My Home,Alternative Rock,$ 1.29,( C ) 2014 Downtown Records,,"October 21 , 2014",116
1577,49518,0,1577,"Breaking Inside ( feat . Lzzy Hale of Halestorm ) [ Bonus Track ] Rock , Music , Alternative , Grunge , Metal , Hard Rock 24-Jun-08",Shinedown,The Sound of Madness ( Deluxe Edition ),,$ 1.29,2010 Atlantic Recording Corporation for the United States and WEA International Inc. for the world outside of the United States .,3:47,,49518,"I Own You ( Bonus Track ) Rock ( C ) 2006 Vanguard June 23 , 2008",Shinedown,The Sound of Madness [ Deluxe ],,$ 1.29,,3:37,,117
1759,27480,0,1759,"Turn Down for What ( feat . Juicy J , 2 Chainz & French Montana ) [ Remix ] DJ Snake & Lil Jon Hip-Hop/Rap , Music 3:45",,"Turn Down for What ( feat . Juicy J , 2 Chainz & French Montana ) [ Remix ] - Single",,$ 1.29,"2014 Columbia Records , a Division of Sony Music Entertainment",,19-May-14,27480,"Lean On ( Piano Karaoke Accompaniment ) [ Original Key ] [ feat . MÌ ÷ ] Major Lazer , DJ Snake Miscellaneous",,Lean On ( Piano Karaoke Accompaniment ) [ feat . MÌü ],,$ 0.69,Sing as a star,3:14,"August 31 , 2015",118
6634,824,1,6634,"Wildest Dreams Pop , Music , Rock $ 1.29 ‰ ãÑ 2014 Big Machine Records , LLC . 3:40 27-Oct-14",Taylor Swift,1989,,,,,,824,"Wildest Dreams Taylor Swift 1989 Pop $ 1.29 ( C ) 2014 Big Machine Records , LLC . 3:40",,,,,,,"October 27 , 2014",119
1543,41585,0,1543,"Second Chance ( Live Acoustic from Kansas City ) Shinedown Rock , Music , Metal , Alternative , Hard Rock 5:06",,Somewhere In the Stratosphere ( Live ),,$ 1.29,2011 Atlantic Recording Corporation for the United States and WEA International Inc. for the world outside of the United States .,,18-Apr-11,41585,If You Only Knew ( Live Acoustic From Kansas City ) ( C ) 2005 MCA Nashville,Shinedown,Somewhere In The Stratosphere,Rock,$ 1.29,,3:55,"April 18 , 2011",120
3270,49156,0,3270,"Judas ( Royksopp 's 30 Pieces Remix ) Pop , Music , Dance 2011 Interscope Records 9:18 21-Nov-11",Lady Gaga,Born This Way ( The Remix ),,Album Only,,,,49156,"Alejandro ( The Sound of Arrows Remix ) Lady Gaga Pop ( C ) 2010 Interscope 3:57 August 3 , 2010",,The Remix,,$ 1.29,,,,121
3864,8306,1,3864,"One Mississippi ( Live from CMT `` Listen Up '' ) Bring You Back Country , Music , Honky Tonk , Traditional Country , Contemporary Country 6-Aug-13",Brett Eldredge,,,$ 1.29,2013 Atlantic Recording Corporation for the United States and WEA International Inc. for the world outside of the United States,4:10,,8306,"One Mississippi Bring You Back Country August 6 , 2013",Brett Eldredge,,,$ 1.29,2011 Toraay Records,3:45,,122
5215,44681,0,5215,"The Motto ( feat . Lil Wayne ) [ Bonus Track ] Drake Hip-Hop/Rap , Music ‰ ãÑ 2011 Cash Money Records Inc.",,Take Care ( Deluxe Version ),,$ 1.29,,3:01,15-Nov-11,44681,"Fancy ( Edited ) [ feat . T.I. , Swizz Beatz ] Rap & Hip-Hop ( C ) 2010 Young Money Entertainment/Cash Money Records/Universal Motown 5:19 June 16 , 2010",Drake,Thank Me Later ( Edited Version ),,$ 1.29,,,,123
2901,21458,1,2901,"Rashi ( Outro ) Mark Ronson Here Comes the Fuzz Dance,Music,Hip-Hop / Rap,Hip-Hop , Alternative Rap , R&B / Soul , Soul , Electronic 2003 Elektra Entertainment for the United States and WEA International Inc. for the world outside of the United States . 2:01",,,,$ 0.99,,,29-Aug-03,21458,Rashi ( Outro ) Dance & Electronic 2:01,Mark Ronson,Here Comes The Fuzz [ Explicit ],,$ 0.99,( c ) 2015 Karaoke Freaks,,"August 29 , 2003",124
1345,42034,0,1345,Clarity ( feat . Foxes ) [ Brillz Remix ] Zedd 2013 Interscope Records 12-Feb-13,,Clarity ( Remixes ) - EP,"Dance , Music , Electronic , House",$ 1.29,,5:57,,42034,Spectrum ( Arty Remix ) [ feat . Matthew Koma ] Spectrum EP Dance & Electronic 6:05,Zedd,,,$ 1.29,( C ) 2012 Interscope Records,,"July 31 , 2012",125
5702,37654,1,5702,Available ( feat . Akon ) ‰ ãÑ 2009 Atlantic Recording Corporation for the United States and WEA International Inc. for the world outside of the United States 4:24,Flo Rida,R.O.O.T.S. ( Deluxe Version ),"Hip-Hop/Rap , Music",$ 1.29,,,30-Mar-09,37654,"Available [ Feat . Akon ] Flo Rida R.O.O.T.S. ( Route Of Overcoming The Struggle ) ( Amended Amazon Exclusive ) [ Clean ] Rap & Hip-Hop $ 1.29 4:24 March 30 , 2009",,,,,"( C ) 2012 Motown Records , a Division of UMG Recordings , Inc.",,,126
2962,22498,0,2962,Pray to God ( feat . HAIM ) [ Calvin Harris vs Mike Pickering Hacienda Remix ] Calvin Harris Pray to God ( Remixes ) [ feat . HAIM ] - Single 3:43,,,"Dance , Music",$ 1.29,2015 Sony Music Entertainment UK Limited,,26-May-15,22498,"How Deep Is Your Love ( Calvin Harris & R3hab Remix ) How Deep Is Your Love ( Remixes ) Dance & Electronic $ 1.29 ( C ) 2015 Island Records , a division of Universal Music Operations Limited 4:16 August 7 , 2015",Calvin Harris & Disciples,,,,,,,127
6345,18442,0,6345,Get Free ( feat . Amber of Dirty Projectors ) [ What So Not Remix ] $ 1.29 ‰ ãÑ 2013 Secretly Canadian / Mad Decent 18-Jun-13,Major Lazer,Free the Universe ( Extended Version ),"Electronic , Music , Rock , Reggae , Modern Dancehall , Dance",,,4:58,,18442,"Jet Blue Jet ( feat . Leftside , GTA , Razz & Biggy ) Free the Universe Dance & Electronic $ 1.29 2013 Secretly Canadian / Mad Decent 3:19",Major Lazer,,,,,,"April 16 , 2013",128
2862,22966,0,2862,"Stop Me ( Kissy Sell Out Remix ) Daniel Merriweather & Mark Ronson Stop Me ( Remixes ) - EP Electronic,Music,Hip-Hop / Rap , Alternative Rap , R&B / Soul,Neo-Soul , Soul , Contemporary R&B 2007 Mark Ronson under exclusive license to SONY BMG MUSIC ENTERTAINMENT ( UK ) LIMITED 5:58 14-Aug-07",,,,$ 0.99,,,,22966,"I Ca n't Lose ( LindstrÌüm Remix ) Mark Ronson feat . Keyone Starr Pop $ 1.29 7:42 July 3 , 2015",,I Ca n't Lose ( Remixes ) - EP,,,2015 Real Sounds,,,129
2862,42525,0,2862,"Stop Me ( Kissy Sell Out Remix ) Daniel Merriweather & Mark Ronson Stop Me ( Remixes ) - EP Electronic,Music,Hip-Hop / Rap , Alternative Rap , R&B / Soul,Neo-Soul , Soul , Contemporary R&B 2007 Mark Ronson under exclusive license to SONY BMG MUSIC ENTERTAINMENT ( UK ) LIMITED 5:58 14-Aug-07",,,,$ 0.99,,,,42525,"Stop Me Stop Me ( C ) 2014 Lichtdicht Records Under exclusive license in the US to Republic Records , Inc. , A Divison Of UMG Recordings 3:53 March 16 , 2007",Mark Ronson feat . Daniel Merriweather,,Pop,$ 0.99,,,,130
2222,815,1,2222,Clean Ryan Adams 1989 $ 1.29 2015 PaxAmericana Recording Company Under Exclusive License To Blue Note Records 4:23 21-Sep-15,,,"Rock , Music",,,,,815,Clean Ryan Adams 4:23,,1989,Rock,$ 1.29,( C ) 2015 PaxAmericana Recording Company Under Exclusive License To Blue Note Records,,"September 21 , 2015",131
1184,12106,0,1184,"Hey Mama ( feat . Nicki Minaj , Bebe Rexha & Afrojack ) [ Extended ] David Guetta Hey Mama ( feat . Nicki Minaj , Bebe Rexha & Afrojack ) [ Remixes ] - EP 2015 What A Music Ltd. under exclusive license to Parlophone/Warner Music France , under exclusive license to Atlantic Recording Corporation for the United States",,,"Dance , Music",$ 1.29,,4:42,12-May-15,12106,"Dangerous ( feat . Sam Martin ) Dangerous ( feat . Sam Martin ) Dance & Electronic $ 1.29 2013 Howard Hersh October 6 , 2014",David Guetta,,,,,3:23,,132
3104,22995,1,3104,We 're All the Same Calvin Harris 2007 SONY BMG MUSIC ENTERTAINMENT ( UK ) Limited 3:56 18-Jun-07,,I Created Disco,"Dance , Music , R&B / Soul , Disco , Electronic , Rock",$ 0.99,,,,22995,"We 're All The Same Dance & Electronic , Pop , House $ 0.99 2002 Defected Records Ltd February 22 , 2012",Calvin Harris,I Created Disco,,,,3:56,,133
3236,5545,0,3236,"Do What U Want ( feat . Christina Aguilera ) [ Red Ant & Amp Lexvas Deep House Remix ] Lady Gaga Pop , Music $ 1.29 2014 Interscope Records 6:50",,Do What U Want ( Remixes ),,,,,25-Feb-14,5545,Bad Romance ( Kaskade Remix ) Lady Gaga $ 1.29 4:21,,Bad Romance Remixes,Pop,,( C ) 2009 Interscope Records,,"December 21 , 2009",134
4659,41090,1,4659,Take '`` There ( feat . Kiesza ) [ Missy Elliott Remix ] [ Bonus Track ] Skrillex & Diplo Skrillex and Diplo Present Jack '`` $ 1.29 3:30,,,"Dance,Music,Hip-Hop / Rap , Jazz , Bop , Electronic , Rap , Rock",,2015 Atlantic Recording Corporation for the US and WEA International for the world outside the United States . A Warner Music Group Company,,24-Feb-15,41090,"Take ÌÏ There ( feat . Kiesza ) [ Missy Elliott Remix ] [ Bonus Track ] Skrillex and Diplo present Jack ÌÏ [ Explicit ] 3:30 February 24 , 2015","Skrillex , Diplo",,Dance & Electronic,$ 1.29,2012 Knight Skreams,,,135
5518,9828,1,5518,"Over When It 's Over ( Live ) Country , Music , Contemporary Country , Urban Cowboy 2:59",Eric Church,Caught In the Act ( Live ),,$ 1.29,"‰ ãÑ 2013 EMI Records Nashville . All rights reserved . Unauthorized reproduction is a violation of applicable laws . Manufactured by Capitol Records Nashville , 401 Commerce Street , Suite 1100 , Nashville , TN 37219",,5-Apr-13,9828,"Over When It 's Over Eric Church $ 1.29 ( C ) 2013 EMI Records Nashville April 5 , 2013",,Caught In The Act : Live,Country,,,2:59,,136
3499,54794,0,3499,"Sweet Spot 2.0 ( feat . Jennifer Lopez ) Flo Rida Hip-Hop/Rap , Music , Rap , Electronic , World , Dance $ 1.29 2012 Atlantic Recording Corporation for the United States and WEA International Inc. for the world outside of the United States 22-Jun-12",,Wild Ones,,,,3:11,,54794,"Wild Ones ( feat . Sia ) Flo Rida $ 1.29 ( C ) 2015 MCA Nashville , a Division of UMG Recordings , Inc. June 22 , 2012",,Wild Ones,"Dance & Electronic , Rap & Hip-Hop , House",,,3:52,,137
3634,54794,0,3634,Sweet Spot 2.0 ( feat . Jennifer Lopez ) Flo Rida Wild Ones 3:11 22-Jun-12,,,"Hip-Hop/Rap , Music , Rap , Electronic , World , Dance",$ 1.29,2012 Atlantic Recording Corporation for the United States and WEA International Inc. for the world outside of the United States,,,54794,"Wild Ones ( feat . Sia ) Flo Rida $ 1.29 ( C ) 2015 MCA Nashville , a Division of UMG Recordings , Inc. June 22 , 2012",,Wild Ones,"Dance & Electronic , Rap & Hip-Hop , House",,,3:52,,138
5073,34877,0,5073,"Baby When the Light ( David Guetta & Fred Rister Remix ) David Guetta Pop Life ( Extended Version ) [ Bonus Version ] Dance , Music , Rock , Pop , House , Electronic , Electronica , Adult Alternative",,,,$ 1.29,‰ ãÑ 2007 Gum Records,6:17,18-Sep-07,34877,Revolver ( Madonna Vs. David Guetta Feat . Lil ' Wayne ) ( One Love Remix ) One Love ( Deluxe Version ) 3:18,David Guetta,,Dance & Electronic,$ 1.29,( C ) 2014 Swedish House Mafia Holdings Ltd ( BVI ) under exclusive license to Virgin Records Ltd,,"August 21 , 2009",139
3574,53962,0,3574,"Why You Up In Here ( feat . Ludacris , Git Fresh & Gucci Mane ) Flo Rida $ 1.29 24-Nov-10",,"Only One Flo , Pt. 1","Hip-Hop/Rap , Music , Rap , Dirty South",,2010 Atlantic Recording Corporation for the United States and WEA International Inc. for the world outside of the United States,3:36,,53962,"Man of the Year ( feat . Lil Wayne ) [ Explicit ] Flo Rida Welcome to Flo Rida [ Explicit ] 2015 CMG Records 3:01 April 6 , 2015",,,Rap & Hip-Hop,$ 0.99,,,,140
3507,23084,1,3507,"I Do n't Like It , I Love It ( feat . Robin Thicke & Verdine White ) [ Kasum Remix ] Flo Rida I Do n't Like It , I Love It ( feat . Robin Thicke & Verdine White ) [ Kasum Remix ] - Single Dance , Music $ 1.29 2015 Atlantic Recording Corporation for the United States and WEA International Inc. for the world outside of the United States . A Warner Music Group Company",,,,,,3:19,10-Jul-15,23084,"I Do n't Like It , I Love It ( feat . Robin Thicke & Verdine White ) [ Noodles Remix ] $ 1.29 June 23 , 2015",Flo Rida,"I Do n't Like It , I Love It ( feat . Robin Thicke & Verdine White ) [ Noodles Remix ]",Dance & Electronic,,2015 Atlantic Recording Corporation for the United States and WEA International Inc. for the world outside of the United States . A Warner Music Group Company,4:27,,141
2375,3581,1,2375,"The Tin Man Kenny Chesney Country , Music , Urban Cowboy , Contemporary Country 3:25",,All I Need to Know,,$ 0.99,"1995 , BMG Entertainment",,13-Jun-95,3581,The Tin Man Kenny Chesney $ 0.99,,All I Need To Know,Country,,2014 Scotty 2 Music Ascap,3:26,"June 13 , 1995",142
5985,38096,0,5985,"Faith In Love Reba Duets $ 1.29 ‰ ãÑ 2007 MCA Nashville , a Division of UMG Recordings , Inc. 18-Sep-07",Reba McEntire & Rascal Flatts,,"Country , Music , Honky Tonk , Contemporary Country",,,3:47,,38096,Love Needs A Holiday $ 0.99,Reba McEntire,Reba # 1 's,"Country , Contemporary Country",,"( C ) 2005 MCA Nashville , a Division of UMG Recordings , Inc.",3:13,"November 22 , 2005",143
3870,23901,1,3870,Going Away For a While $ 1.29 2015 Atlantic Recording Corporation for the United States and WEA International Inc. for the world outside of the United States . A Warner Music Group Company 3:13,Brett Eldredge,Illinois,"Country , Music , Contemporary Country , Honky Tonk , Traditional Country",,,,11-Sep-15,23901,"Going Away For A While 3:15 September 11 , 2015",Brett Eldredge,Illinois,Country,$ 1.29,( c ) Phonotype,,,144
498,29283,1,498,"Firefly ( Bravado Dubstep Remix ) Ed Sheeran Singer/Songwriter , Music , Contemporary Singer/Songwriter , Rock , Adult Alternative $ 1.29 4:29",,Loose Change,,,2010 All tracks ( p ) 2010 Paw Print Records under exclusive license to Warner Music UK Limited except for track 1 ( p ) 2011Paw Print Records under exclusive license to Warner Music UK Limited,,9-Dec-11,29283,"Firefly ( Bravado Dubstep Remix ) $ 1.29 ( C ) 2007 Geffen Records/Mosley Music Group LLC 4:29 December 9 , 2011",Ed Sheeran,Loose Change,Pop,,,,,145
6011,47246,0,6011,"Dance In the Dark Lady Gaga The Fame Monster ( Deluxe Version ) Pop , Music ‰ ãÑ 2014 Interscope Records 5-Aug-14",,,,$ 1.29,,4:48,,47246,Just Dance [ feat . Colby O'Donis ] Lady Gaga The Fame Monster ( Deluxe ) $ 0.99,,,Pop,,( C ) 2009 Interscope Records,4:01,"November 23 , 2009",146
969,41979,0,969,Speak Now - World Tour Live Concert ( Live 2011 ) Taylor Swift 2:09:26,,Speak Now - World Tour Live,"Country , Music , Rock , Contemporary Country , Honky Tonk",Album Only,"2011 Big Machine Records , LLC .",,21-Nov-11,41979,"Long Live Taylor Swift Speak Now Country , Country Rock , Pop , Rock $ 1.29 October 25 , 2010",,,,,"( C ) 2010 Big Machine Records , LLC .",5:17,,147
1685,23820,0,1685,"Best of Cr247 Chase Rice Ignite the Night ( Party Edition ) Country , Music , Urban Cowboy , Contemporary Country 2014 Dack Janiels Records , under exclusive license to Sony Music Entertainment . 19-Aug-14",,,,Album Only,,6:57,,23820,"50 Shades of Crazy Chase Rice Country 3:10 August 19 , 2014",,Ignite the Night,,$ 1.29,"( C ) 2014 Dack Janiels Records , under exclusive license to Sony Music Entertainment .",,,148
368,19176,0,368,"Get Free ( Andy C remix ) Electronic , Music , Dance , Rock , Electronica $ 1.29 2013 Secretly Canadian / Mad Decent 5:31",Major Lazer,Get Free - Single,,,,,27-Feb-13,19176,Break Free [ feat . Zedd ] Major Lazer Get It : Hip-Hop & Pop for Now [ Explicit ] Dance & Electronic $ 1.29 2013 Secretly Canadian / Mad Decent 3:34,,,,,,,,149
5122,34113,1,5122,From Time ( feat . Jhene Aiko ) Drake $ 1.29 ‰ ãÑ 2013 Cash Money Records Inc. 24-Sep-13,,Nothing Was the Same,"Hip-Hop/Rap , Music , Rap , Hardcore Rap , R&B / Soul , Contemporary R&B",,,5:22,,34113,From Time [ feat . JhenÌ © Aiko ] [ Explicit ] Drake Nothing Was The Same [ Explicit ] 5:22,,,Rap & Hip-Hop,$ 1.29,( C ) 2013 Cash Money Records Inc.,,"September 24 , 2013",150
1069,11277,1,1069,Boiling ( Medlar Remix ) Control,Disclosure,,"Electronic , Music , Dance",$ 1.29,2013 Greco-Roman Ltd,5:52,2-Apr-13,11277,"Boiling ( Medlar Remix ) Disclosure $ 0.89 5:52 April 2 , 2013",,Control,Dance & Electronic,,2013 Greco-Roman Ltd,,,151
4587,26140,1,4587,"Billy Keith Urban In the Ranch Country , Music , Honky Tonk , Contemporary Country 1997",,,,$ 1.29,1997 Capitol Nashville,3:46,,26140,"Billy Country ( c ) 1997 Capitol Nashville February 10 , 2004",Keith Urban,Keith Urban In The Ranch,,$ 1.29,,3:46,,152
6876,13612,0,6876,Sumthin Like This Night ( feat . Gorillaz ) Doggumentary $ 1.29 29-Mar-11,Snoop Dogg & Gorillaz,,"Hip-Hop/Rap , Music , Rock , Gangsta Rap , West Coast Rap",,"‰ ãÑ 2011 Capitol Records , LLC . All rights reserved . Unauthorized reproduction is a violation of applicable laws . Manufactured by Capitol Records , LLC , 1750 North Vine Street , Hollywood , CA 90028 .",3:37,,13612,"This Weed Iz Mine ( Feat . Wiz Khalifa ) [ Explicit ] Doggumentary [ Explicit ] ( C ) 2011 Capitol Records , LLC 3:43",Snoop Dogg,,"Rap & Hip-Hop , West Coast",$ 1.29,,,"March 29 , 2011",153
2653,44051,0,2653,"From This Dream Country , Music , Urban Cowboy , Honky Tonk , Contemporary Country 2002 SONY BMG MUSIC ENTERTAINMENT 4:27",Little Big Town,Little Big Town,,$ 0.99,,,7-May-02,44051,Tattoos On This Town [ Explicit ] Country $ 0.99 2012 Music Club,Like Tattoos On This Town,Tattoos On This Town - Single ( Jason Aldean Tribute ) [ Explicit ],,,,3:28,"June 14 , 2012",154
